path,label,label_id
Tomato_Early_blight/33cd99f1-1f8a-497b-b4fc-60ff78af4b8a___RS_Erly.B 8378.JPG,Tomato_Early_blight,1
Tomato_Late_blight/ea0c20e8-ad9f-48a0-830c-280dbeeed370___GHLB_PS Leaf 48.1 Day 18.jpg,Tomato_Late_blight,2
Tomato_healthy/5733d6bf-494a-4da8-a15f-5903f4f05807___RS_HL 0259.JPG,Tomato_healthy,0
Tomato_healthy/ab1658d8-ef48-4068-b2b5-ce49fb3d06c0___GH_HL Leaf 397.1.JPG,Tomato_healthy,0
Tomato_Late_blight/a6b94272-9bb5-495e-bce4-2622d2ea34f5___GHLB Leaf 25.2 Day 12.JPG,Tomato_Late_blight,2
Tomato_Early_blight/3b86d42f-4b22-4bfe-bfa9-ec4567c886dc___RS_Erly.B 7823.JPG,Tomato_Early_blight,1
Tomato_Bacterial_spot/85079132-5a03-4f38-a5be-46af26d521f5___GCREC_Bact.Sp 3772.JPG,Tomato_Bacterial_spot,4
Tomato_healthy/977bcf65-3e68-4be3-bb8a-4a860a6fef9d___RS_HL 9986.JPG,Tomato_healthy,0
Tomato_Leaf_Mold/b8e9228f-640a-47ce-8567-bc523c6eabce___Crnl_L.Mold 6529.JPG,Tomato_Leaf_Mold,3
Tomato_Early_blight/ed68595a-4d05-413c-a173-fa32cc8aae38___RS_Erly.B 7635.JPG,Tomato_Early_blight,1
Tomato_Leaf_Mold/60c13496-85a3-4c97-8242-d7c61bdd3a1f___Crnl_L.Mold 6936.JPG,Tomato_Leaf_Mold,3
Tomato_Leaf_Mold/735f7469-96ea-4e79-9865-72883d3c16db___Crnl_L.Mold 8998.JPG,Tomato_Leaf_Mold,3
Tomato_Late_blight/a59f35a2-f548-4e6f-8784-c106af003c33___GHLB_PS Leaf 25.1 Day 16.jpg,Tomato_Late_blight,2
Tomato_Late_blight/5eefbe91-fb95-4d86-8954-bea6b3637a9d___RS_Late.B 6444.JPG,Tomato_Late_blight,2
Tomato_Late_blight/a1df42a3-9ea0-491b-a075-14b6ae8068dd___GHLB2 Leaf 8664.JPG,Tomato_Late_blight,2
Tomato_healthy/81453f31-6152-44e0-bfaf-fcd1336fc064___GH_HL Leaf 479.JPG,Tomato_healthy,0
Tomato_Late_blight/5e7a999e-6617-4c94-8c57-c1b0e1a392b9___RS_Late.B 5636.JPG,Tomato_Late_blight,2
Tomato_healthy/bb49e566-90cf-48c2-ae3a-83b7f362b703___RS_HL 0347.JPG,Tomato_healthy,0
Tomato_Leaf_Mold/705e1448-cb1b-4047-802a-a0deb547bc2e___Crnl_L.Mold 8670.JPG,Tomato_Leaf_Mold,3
Tomato_Late_blight/ed06f115-9ca4-44d7-be94-e514a5ca58ce___GHLB2 Leaf 148.3.JPG,Tomato_Late_blight,2
Tomato_Leaf_Mold/9ab60a88-cd38-43c0-998d-4503e4bdc8b2___Crnl_L.Mold 6749.JPG,Tomato_Leaf_Mold,3
Tomato_Leaf_Mold/9a5845de-1487-402e-ab3d-bdd3ccf48175___Crnl_L.Mold 6809.JPG,Tomato_Leaf_Mold,3
Tomato_Leaf_Mold/c661bd24-6fcf-4802-9010-68ef6e2e7fa8___Crnl_L.Mold 6644.JPG,Tomato_Leaf_Mold,3
Tomato_Leaf_Mold/16cf47c0-abb4-47e3-bab3-4a7c6348b7ab___Crnl_L.Mold 6995.JPG,Tomato_Leaf_Mold,3
Tomato_healthy/77cd9b9e-9115-46ea-9c85-9744f1793b32___RS_HL 9699.JPG,Tomato_healthy,0
Tomato_Leaf_Mold/54ad9e10-f37e-40af-89ab-43ec8bcfbb55___Crnl_L.Mold 9057.JPG,Tomato_Leaf_Mold,3
Tomato_Late_blight/4c27ed2d-96c2-4f8f-ac68-d699bc665cec___GHLB2 Leaf 8954.JPG,Tomato_Late_blight,2
Tomato_healthy/fde29807-8223-4fc5-a06b-7cc93101a6d1___GH_HL Leaf 174.JPG,Tomato_healthy,0
Tomato_healthy/2c741e7d-d03b-4903-8e42-1e43f5ad7286___RS_HL 0131.JPG,Tomato_healthy,0
Tomato_healthy/23726cb5-c36a-4016-aa3b-e60e32a0d9ec___RS_HL 9717.JPG,Tomato_healthy,0
Tomato_Late_blight/c614e6d5-04cc-4846-9867-84c83961c5cf___GHLB2 Leaf 8617.JPG,Tomato_Late_blight,2
Tomato_healthy/a54804c7-1bc2-439a-a09f-3d1a6ce81856___GH_HL Leaf 309.1.JPG,Tomato_healthy,0
Tomato_Early_blight/10a46a0b-debe-49f9-8562-c7c81855160e___RS_Erly.B 6339.JPG,Tomato_Early_blight,1
Tomato_Early_blight/250f6c43-1800-4c21-9d73-cc51fe144bbc___RS_Erly.B 6356.JPG,Tomato_Early_blight,1
Tomato_healthy/bd531960-92ec-4745-9e25-645decb4b2b0___RS_HL 0542.JPG,Tomato_healthy,0
Tomato_Late_blight/938a5ed3-127f-4e05-8e96-9d2225d094c7___GHLB2 Leaf 8784.JPG,Tomato_Late_blight,2
Tomato_Leaf_Mold/f2b42380-d2e4-4335-8e49-43cef9e4d357___Crnl_L.Mold 7068.JPG,Tomato_Leaf_Mold,3
Tomato_healthy/6a8b21cc-35c6-4e5e-8f9d-a4a3591cc665___RS_HL 9961.JPG,Tomato_healthy,0
Tomato_Early_blight/2d3d1221-2f62-43ad-8256-b560c1872934___RS_Erly.B 7465.JPG,Tomato_Early_blight,1
Tomato_healthy/28e62e2d-8aba-48df-9eff-3d70a5b7775d___RS_HL 9870.JPG,Tomato_healthy,0
Tomato_Late_blight/e5b328bf-1f13-4831-bd63-b1bdb30f02d9___GHLB2 Leaf 8674.JPG,Tomato_Late_blight,2
Tomato_Early_blight/12c1c25b-6809-45d8-9a20-969de7860b5d___RS_Erly.B 6372.JPG,Tomato_Early_blight,1
Tomato_Early_blight/3b1caf5d-9b90-4adc-bde6-8a16af479f0a___RS_Erly.B 8270.JPG,Tomato_Early_blight,1
Tomato_Late_blight/5e590575-5588-422f-96a7-5e8c920fc7e2___GHLB2 Leaf 8671.JPG,Tomato_Late_blight,2
Tomato_Leaf_Mold/a9ed3e3f-7c8c-4a0e-ae96-8bf55585a522___Crnl_L.Mold 7082.JPG,Tomato_Leaf_Mold,3
Tomato_Leaf_Mold/bb32ae25-2654-4a74-86d4-eec29fb244a5___Crnl_L.Mold 6968.JPG,Tomato_Leaf_Mold,3
Tomato_Bacterial_spot/f248467c-ef23-484b-99d3-019559f58f4d___UF.GRC_BS_Lab Leaf 0407.JPG,Tomato_Bacterial_spot,4
Tomato_healthy/efe384e9-8131-4164-884f-dff1d0995608___RS_HL 0272.JPG,Tomato_healthy,0
Tomato_Early_blight/76e4e737-6526-4007-923f-5b6c1e9951ed___RS_Erly.B 7759.JPG,Tomato_Early_blight,1
Tomato_healthy/32a852af-ca60-4235-806a-21940281ed8b___RS_HL 0625.JPG,Tomato_healthy,0
Tomato_Late_blight/149b8460-2bf2-409a-ad61-b8f34d33cd82___RS_Late.B 6826.JPG,Tomato_Late_blight,2
Tomato_Leaf_Mold/d2102d1d-e4f2-40d3-84aa-7281e053e646___Crnl_L.Mold 9111.JPG,Tomato_Leaf_Mold,3
Tomato_Leaf_Mold/58716bd0-de1b-480d-9381-af08e2f13813___Crnl_L.Mold 6732.JPG,Tomato_Leaf_Mold,3
Tomato_Leaf_Mold/f61fcad0-2f24-461e-9dc7-4908d950f397___Crnl_L.Mold 8860.JPG,Tomato_Leaf_Mold,3
Tomato_healthy/989c19ba-120b-472c-abe1-821da1b065d0___RS_HL 0280.JPG,Tomato_healthy,0
Tomato_Late_blight/a98fa7c9-5ed7-4232-8ea8-28cf75c7869e___RS_Late.B 6888.JPG,Tomato_Late_blight,2
Tomato_Late_blight/fc0cec90-4a1e-4cdc-95cf-a34abc1dc8c9___GHLB2 Leaf 117.2.JPG,Tomato_Late_blight,2
Tomato_Leaf_Mold/c92cbefd-7687-4a82-a07e-95cf5990c1d9___Crnl_L.Mold 8698.JPG,Tomato_Leaf_Mold,3
Tomato_Late_blight/22c36fa3-849f-4918-8790-99a8bda1e527___RS_Late.B 5987.JPG,Tomato_Late_blight,2
Tomato_Bacterial_spot/b700874c-33cd-4e1d-8b84-f6313e31fc56___GCREC_Bact.Sp 5690.JPG,Tomato_Bacterial_spot,4
Tomato_Bacterial_spot/dc425296-15d3-45ba-95b9-018fc4494e1e___GCREC_Bact.Sp 5682.JPG,Tomato_Bacterial_spot,4
Tomato_Bacterial_spot/8ff89c36-cac0-4ed5-ac93-206411247229___GCREC_Bact.Sp 6377.JPG,Tomato_Bacterial_spot,4
Tomato_Early_blight/e803b217-d9a9-4b0d-9ea1-679145625159___RS_Erly.B 9571.JPG,Tomato_Early_blight,1
Tomato_Leaf_Mold/a639c56d-f9e3-4f22-b21b-5a19e027d30b___Crnl_L.Mold 9108.JPG,Tomato_Leaf_Mold,3
Tomato_Late_blight/4780302b-3329-4f1f-a697-67698af1d261___RS_Late.B 6319.JPG,Tomato_Late_blight,2
Tomato_healthy/414359b9-153b-4985-bfe0-eaf22f7ff6ab___RS_HL 0062.JPG,Tomato_healthy,0
Tomato_healthy/ef21da16-050f-4be8-a91f-e1fa13ce3991___RS_HL 0242.JPG,Tomato_healthy,0
Tomato_Bacterial_spot/91d2b551-c853-41b2-80b5-f982f6c30553___GCREC_Bact.Sp 2983.JPG,Tomato_Bacterial_spot,4
Tomato_Leaf_Mold/41510736-fe3f-4ad7-888d-2b527f63672d___Crnl_L.Mold 8780.JPG,Tomato_Leaf_Mold,3
Tomato_healthy/a98d00cf-f048-44d7-b82b-3328a8e891b3___RS_HL 0585.JPG,Tomato_healthy,0
Tomato_Leaf_Mold/2aa365ee-c396-47e3-bf04-aad9d18f470f___Crnl_L.Mold 6655.JPG,Tomato_Leaf_Mold,3
Tomato_Late_blight/8733e226-a046-4532-b2fd-e2774a319bde___RS_Late.B 5139.JPG,Tomato_Late_blight,2
Tomato_Bacterial_spot/955d6942-0e13-4221-b349-266e5ae9cc56___GCREC_Bact.Sp 5859.JPG,Tomato_Bacterial_spot,4
Tomato_Leaf_Mold/8faa0c7e-33cd-43cd-8e71-bd9d19ba8e9f___Crnl_L.Mold 6763.JPG,Tomato_Leaf_Mold,3
Tomato_Late_blight/fa4ec25a-250d-4eb3-ba0d-9d1c51eb3995___GHLB2 Leaf 8990.JPG,Tomato_Late_blight,2
Tomato_Late_blight/335be291-a0f7-4b25-aa7c-99af0b073dc9___GHLB2 Leaf 8640.JPG,Tomato_Late_blight,2
Tomato_Bacterial_spot/305e943b-26f0-470a-83e1-3c2c05bac687___GCREC_Bact.Sp 5887.JPG,Tomato_Bacterial_spot,4
Tomato_Late_blight/e35dbe92-b70f-40ee-bd8a-a12ae07682a2___GHLB2 Leaf 9109.JPG,Tomato_Late_blight,2
Tomato_Leaf_Mold/6f0ac1c9-cf47-4d88-87e6-5554dedfa621___Crnl_L.Mold 6663.JPG,Tomato_Leaf_Mold,3
Tomato_Bacterial_spot/7882b2d6-96d2-43db-968c-5790a9dddc18___GCREC_Bact.Sp 6280.JPG,Tomato_Bacterial_spot,4
Tomato_Leaf_Mold/ea19d516-b7fd-45c3-a459-68281f3bd9aa___Crnl_L.Mold 6836.JPG,Tomato_Leaf_Mold,3
Tomato_Late_blight/e58ca54a-9a89-4a92-9869-dc3273e769d9___GHLB2 Leaf 113.2.JPG,Tomato_Late_blight,2
Tomato_Late_blight/06412832-90d3-4713-9e82-f2cca52dadc8___GHLB2 Leaf 8734.JPG,Tomato_Late_blight,2
Tomato_Leaf_Mold/93608d6e-7511-4388-88c1-ef45b754e9c2___Crnl_L.Mold 6580.JPG,Tomato_Leaf_Mold,3
Tomato_healthy/cc86c41e-9f5d-4b68-af29-a3e405edf69d___GH_HL Leaf 324.JPG,Tomato_healthy,0
Tomato_healthy/55d65bad-6553-42a7-916d-6276b3da83b2___RS_HL 0459.JPG,Tomato_healthy,0
Tomato_Late_blight/1f8743b6-f385-4464-9e41-48bd9fe85637___GHLB2 Leaf 8914.JPG,Tomato_Late_blight,2
Tomato_healthy/5b2457f5-96d5-4bcd-8025-dc55e666f660___RS_HL 0605.JPG,Tomato_healthy,0
Tomato_Late_blight/0ac3df5b-d713-42ef-b0ad-20b5410237ad___RS_Late.B 4969.JPG,Tomato_Late_blight,2
Tomato_Late_blight/e4d14fec-dc38-4e88-ac83-1f1b75be5de7___RS_Late.B 6450.JPG,Tomato_Late_blight,2
Tomato_healthy/2d9352d7-2509-40a1-be35-01404448266c___RS_HL 9805.JPG,Tomato_healthy,0
Tomato_Leaf_Mold/51189dab-468d-4304-8368-d0e4e3247194___Crnl_L.Mold 6667.JPG,Tomato_Leaf_Mold,3
Tomato_Early_blight/d41e78aa-0020-457b-a17d-736d426adad5___RS_Erly.B 7755.JPG,Tomato_Early_blight,1
Tomato_Early_blight/d8bfc53d-7b22-48a7-a884-c808927dc149___RS_Erly.B 6349.JPG,Tomato_Early_blight,1
Tomato_Early_blight/fcbc5323-1679-416c-bb10-534e686f21bd___RS_Erly.B 7801.JPG,Tomato_Early_blight,1
Tomato_Leaf_Mold/505aa99f-6336-43e6-b9d1-4ee69c19626d___Crnl_L.Mold 6825.JPG,Tomato_Leaf_Mold,3
Tomato_Early_blight/4ee9cff7-9693-4d51-821b-da31e5df240c___RS_Erly.B 7427.JPG,Tomato_Early_blight,1
Tomato_Bacterial_spot/e4df0a0f-a7cf-4797-a888-9f28d916bccd___GCREC_Bact.Sp 5870.JPG,Tomato_Bacterial_spot,4
Tomato_Late_blight/4780f75c-a79a-47e6-89a0-7ecb5d18876e___RS_Late.B 5499.JPG,Tomato_Late_blight,2
Tomato_Bacterial_spot/b0827469-6ac0-4a9e-baca-ac4763b00f95___GCREC_Bact.Sp 5866.JPG,Tomato_Bacterial_spot,4
Tomato_Early_blight/a0cb35c3-0ae6-4b64-a42f-d14006f3d315___RS_Erly.B 7357.JPG,Tomato_Early_blight,1
Tomato_healthy/0972d906-c7f6-4c30-80f5-6c665ea36770___RS_HL 0115.JPG,Tomato_healthy,0
Tomato_Early_blight/a138ec63-9d5e-4c6d-97d6-da0159c93c0a___RS_Erly.B 7744.JPG,Tomato_Early_blight,1
Tomato_Early_blight/47c05777-ef2f-4baf-8f1a-61ab067a4627___RS_Erly.B 7350.JPG,Tomato_Early_blight,1
Tomato_Early_blight/9a86409c-60ef-4fb5-9783-665065eb5229___RS_Erly.B 7697.JPG,Tomato_Early_blight,1
Tomato_Late_blight/ed70dd6e-db68-4cf5-95b6-e25c67be113f___RS_Late.B 4966.JPG,Tomato_Late_blight,2
Tomato_Early_blight/18a21f42-8794-4665-8174-b0ccd3758af8___RS_Erly.B 7650.JPG,Tomato_Early_blight,1
Tomato_Leaf_Mold/fe52f026-be65-43bf-823e-d5fc9a9b0340___Crnl_L.Mold 6774.JPG,Tomato_Leaf_Mold,3
Tomato_Leaf_Mold/0a9b3ff4-5343-4814-ac2c-fdb3613d4e4d___Crnl_L.Mold 6559.JPG,Tomato_Leaf_Mold,3
Tomato_Early_blight/258e6e39-d791-482c-921d-65048753770a___RS_Erly.B 9422.JPG,Tomato_Early_blight,1
Tomato_Late_blight/dd52a1b4-1d20-4417-96c9-48baac62f15b___RS_Late.B 5202.JPG,Tomato_Late_blight,2
Tomato_healthy/34c81c57-e1fa-49dd-a49d-34fe8b2385fe___GH_HL Leaf 466.1.JPG,Tomato_healthy,0
Tomato_Leaf_Mold/43728975-7569-464b-b67d-a2b3d0f5ddd5___Crnl_L.Mold 6919.JPG,Tomato_Leaf_Mold,3
Tomato_Bacterial_spot/a744a484-d245-40fe-a782-7a21d7cbfab3___GCREC_Bact.Sp 5640.JPG,Tomato_Bacterial_spot,4
Tomato_Early_blight/98009062-b345-4f14-bc90-f458e6027918___RS_Erly.B 7411.JPG,Tomato_Early_blight,1
Tomato_healthy/13688c77-f2ad-4f7c-972c-99d70652fac6___RS_HL 0458.JPG,Tomato_healthy,0
Tomato_healthy/06639369-2e38-48cc-a27a-5b90388d227e___RS_HL 0389.JPG,Tomato_healthy,0
Tomato_Leaf_Mold/abff37d9-e870-4274-a035-923c2bf5edaf___Crnl_L.Mold 6626.JPG,Tomato_Leaf_Mold,3
Tomato_Bacterial_spot/bd968a32-63e8-4f39-a379-c2e469622250___GCREC_Bact.Sp 3496.JPG,Tomato_Bacterial_spot,4
Tomato_Leaf_Mold/b6bdf275-d731-415b-a68d-193bbd6c037a___Crnl_L.Mold 8772.JPG,Tomato_Leaf_Mold,3
Tomato_Early_blight/59dbd132-6e6c-4127-a218-b7602cbee670___RS_Erly.B 9449.JPG,Tomato_Early_blight,1
Tomato_Bacterial_spot/27637c36-4f67-429c-97a0-39d035f3fd38___UF.GRC_BS_Lab Leaf 8864.JPG,Tomato_Bacterial_spot,4
Tomato_Early_blight/b6d8ce15-f786-4998-a67c-1390da696a07___RS_Erly.B 9521.JPG,Tomato_Early_blight,1
Tomato_Bacterial_spot/bc87927b-7858-4d02-ada3-d8dc075bd82b___UF.GRC_BS_Lab Leaf 9048.JPG,Tomato_Bacterial_spot,4
Tomato_Early_blight/511fb1ba-bef6-4144-9e05-461a66022cba___RS_Erly.B 8435.JPG,Tomato_Early_blight,1
Tomato_Bacterial_spot/f9614f74-38f0-4ada-b73f-2a65ae1885c7___GCREC_Bact.Sp 3736.JPG,Tomato_Bacterial_spot,4
Tomato_healthy/5faa74ba-8f46-4b2b-a7bf-3bc8d9458526___RS_HL 9741.JPG,Tomato_healthy,0
Tomato_Leaf_Mold/b9beb5ed-0e80-4a9f-bcec-0be7abc6904d___Crnl_L.Mold 7152.JPG,Tomato_Leaf_Mold,3
Tomato_Late_blight/9c6ebcdb-460b-431d-88d7-56beddc7a490___RS_Late.B 7002.JPG,Tomato_Late_blight,2
Tomato_Bacterial_spot/31549f17-8b3c-4a16-9775-d3c50db39fb8___GCREC_Bact.Sp 5968.JPG,Tomato_Bacterial_spot,4
Tomato_Late_blight/2c2326e9-eb07-45c1-8296-116df4108c03___RS_Late.B 4834.JPG,Tomato_Late_blight,2
Tomato_Bacterial_spot/a7869065-f57e-42ba-aa3e-133fa45a7479___UF.GRC_BS_Lab Leaf 0827.JPG,Tomato_Bacterial_spot,4
Tomato_healthy/e1aeb847-e87b-4f24-aca7-c6e06b6c07ca___GH_HL Leaf 185.JPG,Tomato_healthy,0
Tomato_Early_blight/1e08cf06-c20b-47bc-8773-a22cc730aa04___RS_Erly.B 8228.JPG,Tomato_Early_blight,1
Tomato_Late_blight/526e3337-acab-45da-a988-e6aab8a99281___GHLB2 Leaf 9089.JPG,Tomato_Late_blight,2
Tomato_healthy/0031da2a-8edd-468f-a8b1-106657717a32___RS_HL 0105.JPG,Tomato_healthy,0
Tomato_Leaf_Mold/9b4d930b-ac3a-41c1-a8e8-8930280b5ad5___Crnl_L.Mold 8660.JPG,Tomato_Leaf_Mold,3
Tomato_Leaf_Mold/a0e635a0-0935-4192-94cf-7003875a501e___Crnl_L.Mold 8675.JPG,Tomato_Leaf_Mold,3
Tomato_Bacterial_spot/c10643e1-3d5a-40f6-9357-57aadd3d6721___GCREC_Bact.Sp 3727.JPG,Tomato_Bacterial_spot,4
Tomato_Late_blight/06f654df-cf43-4fd6-b30f-78425136bc35___GHLB2 Leaf 86.2.JPG,Tomato_Late_blight,2
Tomato_Bacterial_spot/a554c4d2-6eb9-438f-ae54-9477b0428ddf___GCREC_Bact.Sp 5570.JPG,Tomato_Bacterial_spot,4
Tomato_healthy/61a348ec-8afa-4445-9a98-6e38ba0cd6d4___RS_HL 9914.JPG,Tomato_healthy,0
Tomato_Leaf_Mold/0adab1d4-5696-4cd8-8453-3931b70e856d___Crnl_L.Mold 8689.JPG,Tomato_Leaf_Mold,3
Tomato_Early_blight/5688c1fd-cd1f-4fb5-9e0b-d12c0c095023___RS_Erly.B 9511.JPG,Tomato_Early_blight,1
Tomato_Bacterial_spot/80f34939-4339-4402-9686-8237034276bc___GCREC_Bact.Sp 5850.JPG,Tomato_Bacterial_spot,4
Tomato_healthy/dbbde73f-e630-4799-9a08-37bd5602f1b2___GH_HL Leaf 208.JPG,Tomato_healthy,0
Tomato_Bacterial_spot/1d83362f-5ea5-40f4-aa21-dfff0e99aff7___UF.GRC_BS_Lab Leaf 0566.JPG,Tomato_Bacterial_spot,4
Tomato_Early_blight/74354e66-6888-4fac-8984-b8f887df2d86___RS_Erly.B 7578.JPG,Tomato_Early_blight,1
Tomato_healthy/acf28842-7821-4f31-ab73-2787e332e852___RS_HL 0011.JPG,Tomato_healthy,0
Tomato_Leaf_Mold/cb956960-ad6c-4a87-bee1-dacfc8acb7d8___Crnl_L.Mold 8945.JPG,Tomato_Leaf_Mold,3
Tomato_Bacterial_spot/f968f18e-bc41-40bd-b838-f535be8afb93___GCREC_Bact.Sp 5744.JPG,Tomato_Bacterial_spot,4
Tomato_Bacterial_spot/e85d64bf-a47c-4d80-8eb8-9059c1eec9a9___GCREC_Bact.Sp 5790.JPG,Tomato_Bacterial_spot,4
Tomato_Leaf_Mold/38ae943e-ebbd-44f9-9d58-ff760f357620___Crnl_L.Mold 6826.JPG,Tomato_Leaf_Mold,3
Tomato_Late_blight/1a33a1fd-d077-4cf6-84ac-7825176e25d2___GHLB2 Leaf 8969.JPG,Tomato_Late_blight,2
Tomato_healthy/f163df8f-6510-4520-82ee-779d2679af33___GH_HL Leaf 422.2.JPG,Tomato_healthy,0
Tomato_Early_blight/3fa32b26-e7bb-493e-b7c2-c40e3f3df380___RS_Erly.B 9546.JPG,Tomato_Early_blight,1
Tomato_healthy/1317fd49-1819-4065-b3a4-d74f9763c7c4___RS_HL 0252.JPG,Tomato_healthy,0
Tomato_healthy/495559bd-76e2-4c7a-935c-3ca1b4cf4b7b___GH_HL Leaf 180.1.JPG,Tomato_healthy,0
Tomato_Bacterial_spot/12e9560a-01a5-4d97-a911-409c11cd0301___GCREC_Bact.Sp 3117.JPG,Tomato_Bacterial_spot,4
Tomato_Early_blight/4c5f5a51-0ea2-477b-a0bf-e0d511f53e87___RS_Erly.B 6397.JPG,Tomato_Early_blight,1
Tomato_Bacterial_spot/23dc9572-9fab-4847-b1dd-9c63e9ee010b___GCREC_Bact.Sp 5811.JPG,Tomato_Bacterial_spot,4
Tomato_Late_blight/a0fe466c-9953-4458-9621-65377e474227___RS_Late.B 6973.JPG,Tomato_Late_blight,2
Tomato_healthy/10b36861-6a00-41d9-9858-e00adcfb17e7___RS_HL 0235.JPG,Tomato_healthy,0
Tomato_Bacterial_spot/7fa9aeec-445b-4211-9a30-862070925330___GCREC_Bact.Sp 6396.JPG,Tomato_Bacterial_spot,4
Tomato_Early_blight/f40b2786-1a17-46e6-b2cb-4ac1beb386fa___RS_Erly.B 6483.JPG,Tomato_Early_blight,1
Tomato_Leaf_Mold/cb88247d-9a2a-4cd9-888a-76d799436f10___Crnl_L.Mold 7125.JPG,Tomato_Leaf_Mold,3
Tomato_Early_blight/6021f415-8463-41eb-ad4c-4033f7d16798___RS_Erly.B 7710.JPG,Tomato_Early_blight,1
Tomato_healthy/37081fee-4a04-4134-99d9-f9ac3801ad47___GH_HL Leaf 201.1.JPG,Tomato_healthy,0
Tomato_Late_blight/87815762-3104-4c15-96c5-238ecda66998___GHLB2 Leaf 124.2.JPG,Tomato_Late_blight,2
Tomato_Late_blight/9718ddc7-7afb-40e4-b94a-bf86c9e0beea___GHLB2 Leaf 8642.JPG,Tomato_Late_blight,2
Tomato_Late_blight/2821660a-106c-4e22-9167-6c22f0dd692b___GHLB2 Leaf 8712.JPG,Tomato_Late_blight,2
Tomato_Bacterial_spot/0f80595f-b712-4028-b7db-7627322ce019___GCREC_Bact.Sp 5712.JPG,Tomato_Bacterial_spot,4
Tomato_Late_blight/a0616fa9-80fb-497d-8791-a9689aecb27f___GHLB2 Leaf 150.2.JPG,Tomato_Late_blight,2
Tomato_Early_blight/e3aef05b-9ed6-421c-a44d-82a996b3e3bb___RS_Erly.B 7803.JPG,Tomato_Early_blight,1
Tomato_Bacterial_spot/da0ffa44-de62-4314-acb2-59218f5deeb5___GCREC_Bact.Sp 6010.JPG,Tomato_Bacterial_spot,4
Tomato_Late_blight/1b212ad6-e65a-4467-bfd1-9f9139070d33___GHLB2 Leaf 8609.JPG,Tomato_Late_blight,2
Tomato_Bacterial_spot/5c438fb1-fb2e-4672-b035-2a1581efa729___GCREC_Bact.Sp 5550.JPG,Tomato_Bacterial_spot,4
Tomato_Late_blight/e82e3fd9-cc3c-4196-9bef-178576b882de___RS_Late.B 6316.JPG,Tomato_Late_blight,2
Tomato_healthy/d95cca34-6952-4d22-9d61-6304dcce3448___GH_HL Leaf 280.1.JPG,Tomato_healthy,0
Tomato_healthy/f2f5162b-7cc7-4315-8692-d1eaab98c554___GH_HL Leaf 507.2.JPG,Tomato_healthy,0
Tomato_Early_blight/6ccc0cdb-d420-4bc6-9a1a-d195a0521c19___RS_Erly.B 9437.JPG,Tomato_Early_blight,1
Tomato_Bacterial_spot/cd4a85cb-1944-44e9-82f7-78f1365a46e0___GCREC_Bact.Sp 5817.JPG,Tomato_Bacterial_spot,4
Tomato_Early_blight/eb807a4d-9d14-49a0-af1f-1e26b093edff___RS_Erly.B 7409.JPG,Tomato_Early_blight,1
Tomato_Bacterial_spot/d623c605-17f1-43b2-af4a-5428367f752f___GCREC_Bact.Sp 6284.JPG,Tomato_Bacterial_spot,4
Tomato_Bacterial_spot/1f6a4e82-1d08-48d0-a488-1a787c854484___GCREC_Bact.Sp 5905.JPG,Tomato_Bacterial_spot,4
Tomato_Leaf_Mold/0a555f63-bf03-4958-8993-e1932b8dce9f___Crnl_L.Mold 9064.JPG,Tomato_Leaf_Mold,3
Tomato_healthy/f7d044c0-6900-4624-9c20-fa27aa0911ff___GH_HL Leaf 275.JPG,Tomato_healthy,0
Tomato_Leaf_Mold/77cd3874-ca19-4bfc-a112-696b240a88f9___Crnl_L.Mold 6652.JPG,Tomato_Leaf_Mold,3
Tomato_healthy/efe02473-2f94-4ff5-a478-cc9d8ebd79da___RS_HL 9671.JPG,Tomato_healthy,0
Tomato_Late_blight/6bc35871-5096-4405-8064-10e586175e9a___RS_Late.B 5584.JPG,Tomato_Late_blight,2
Tomato_Late_blight/0334d40b-d880-442f-a7db-e5c85a2e0bed___RS_Late.B 6367.JPG,Tomato_Late_blight,2
Tomato_Leaf_Mold/c02d931d-c724-49b8-a6c8-440c5492d747___Crnl_L.Mold 6713.JPG,Tomato_Leaf_Mold,3
Tomato_Leaf_Mold/7de0d9b9-6d4f-4375-85c4-a64da65937d8___Crnl_L.Mold 7077.JPG,Tomato_Leaf_Mold,3
Tomato_healthy/9c3ad610-7677-4f3c-9646-88069e0c61cb___GH_HL Leaf 449.2.JPG,Tomato_healthy,0
Tomato_Leaf_Mold/d97b4cea-9445-4051-bc20-f8421dac0d4b___Crnl_L.Mold 6704.JPG,Tomato_Leaf_Mold,3
Tomato_Late_blight/e9b2e447-add8-4ff1-a24b-eb577d0085c7___GHLB2 Leaf 8589.JPG,Tomato_Late_blight,2
Tomato_Late_blight/3d89871d-557a-414e-b726-8f4ba18d30e4___GHLB2 Leaf 8922.JPG,Tomato_Late_blight,2
Tomato_Late_blight/8d5ef81f-1b09-4221-abaa-990bfb2180b9___RS_Late.B 6745.JPG,Tomato_Late_blight,2
Tomato_Bacterial_spot/754dfec2-60c1-4848-803c-21ab8471014e___GCREC_Bact.Sp 3212.JPG,Tomato_Bacterial_spot,4
Tomato_Leaf_Mold/dbbb1200-16e8-4842-acbf-57ccd1afc2dc___Crnl_L.Mold 7035.JPG,Tomato_Leaf_Mold,3
Tomato_Late_blight/62ca9559-f079-4bac-864e-9da06a4eb3a2___GHLB2 Leaf 148.1.JPG,Tomato_Late_blight,2
Tomato_Leaf_Mold/907da8ff-9de5-4078-a1f4-f3cd4bd2a37d___Crnl_L.Mold 6685.JPG,Tomato_Leaf_Mold,3
Tomato_Late_blight/3fae9c64-18f0-4a67-9f97-554248bb1bed___GHLB_PS Leaf 24 Day 16.jpg,Tomato_Late_blight,2
Tomato_Bacterial_spot/f4304000-5523-4fc6-93e4-9e570a1d237d___GCREC_Bact.Sp 5689.JPG,Tomato_Bacterial_spot,4
Tomato_Early_blight/b2b63d7c-d8f7-44ff-b53e-6214ddbed5d9___RS_Erly.B 9509.JPG,Tomato_Early_blight,1
Tomato_Late_blight/189f8e47-0892-4c82-b0b9-7a51b6c83a04___RS_Late.B 7193.JPG,Tomato_Late_blight,2
Tomato_healthy/ed6f80a2-c69f-4d33-ad3d-ef2186aa1db1___RS_HL 9669.JPG,Tomato_healthy,0
Tomato_Early_blight/b4d37218-1f10-4232-8eeb-dd4106f0f1af___RS_Erly.B 7702.JPG,Tomato_Early_blight,1
Tomato_Early_blight/aafda29f-64e8-4f9a-8b71-d32b5ee27fef___RS_Erly.B 9431.JPG,Tomato_Early_blight,1
Tomato_Bacterial_spot/9414280e-9042-4dcc-88a5-1dabc5b4016d___GCREC_Bact.Sp 3206.JPG,Tomato_Bacterial_spot,4
Tomato_Late_blight/2e86ab04-c41e-4a4b-a674-552176d72ab1___GHLB2 Leaf 100.JPG,Tomato_Late_blight,2
Tomato_Bacterial_spot/b19191da-a846-4e30-85b2-a028e1d85376___UF.GRC_BS_Lab Leaf 8635.JPG,Tomato_Bacterial_spot,4
Tomato_healthy/39b1d9c6-7a13-426f-9154-563e6a8d0438___RS_HL 0563.JPG,Tomato_healthy,0
Tomato_healthy/06704d9f-3bbc-40cd-a5eb-258ed55e172b___GH_HL Leaf 491.1.JPG,Tomato_healthy,0
Tomato_healthy/930689fd-9e44-497a-9724-7e7080de02fe___RS_HL 9754.JPG,Tomato_healthy,0
Tomato_Bacterial_spot/4a2b419c-69a8-4eb0-9802-15d7feffe59f___GCREC_Bact.Sp 3821.JPG,Tomato_Bacterial_spot,4
Tomato_Bacterial_spot/a00ce27e-dd79-4ef4-a483-545499246e71___GCREC_Bact.Sp 5986.JPG,Tomato_Bacterial_spot,4
Tomato_Late_blight/8faf866d-77a2-4876-983f-42389db476dc___RS_Late.B 7003.JPG,Tomato_Late_blight,2
Tomato_Leaf_Mold/9d807622-ab39-4aa3-a70a-a2a62aa17679___Crnl_L.Mold 9136.JPG,Tomato_Leaf_Mold,3
Tomato_Bacterial_spot/54b4add6-a01f-4a1e-a7cf-fb1db09e853a___GCREC_Bact.Sp 3584.JPG,Tomato_Bacterial_spot,4
Tomato_Early_blight/16ce3799-ff03-4724-8c99-48a4243a6ff9___RS_Erly.B 9565.JPG,Tomato_Early_blight,1
Tomato_Leaf_Mold/3c38d571-10d9-4213-9892-e77c97a692dc___Crnl_L.Mold 9027.JPG,Tomato_Leaf_Mold,3
Tomato_Leaf_Mold/9252cc55-7007-4d2f-871b-6fafff4068c8___Crnl_L.Mold 6776.JPG,Tomato_Leaf_Mold,3
Tomato_Bacterial_spot/71bbf536-8d96-427e-8dd5-1f330b24aff9___GCREC_Bact.Sp 2982.JPG,Tomato_Bacterial_spot,4
Tomato_healthy/115c8bc1-06b9-4679-9159-46e5640c39e7___GH_HL Leaf 206.2.JPG,Tomato_healthy,0
Tomato_Late_blight/ff03c1b7-ae44-4b97-b0c8-ec2c6ca7f4e5___GHLB2ES Leaf 63.1.JPG,Tomato_Late_blight,2
Tomato_Late_blight/5fe78bd1-bf00-4863-93b9-5dc3ca8fbba4___RS_Late.B 5444.JPG,Tomato_Late_blight,2
Tomato_Early_blight/f93578b3-4b98-4b13-95c3-495c656963f4___RS_Erly.B 8340.JPG,Tomato_Early_blight,1
Tomato_healthy/ce9cef60-51af-4e89-bbe7-bf463d767e99___RS_HL 0614.JPG,Tomato_healthy,0
Tomato_Leaf_Mold/ecee5a37-1c82-4f93-a9d9-d1c098e6514d___Crnl_L.Mold 8618.JPG,Tomato_Leaf_Mold,3
Tomato_Bacterial_spot/04fcd6e4-a96e-49ba-b67a-32b88337b505___GCREC_Bact.Sp 3689.JPG,Tomato_Bacterial_spot,4
Tomato_Bacterial_spot/990e1cbf-b978-478e-b332-d12b3855fd57___GCREC_Bact.Sp 6223.JPG,Tomato_Bacterial_spot,4
Tomato_Leaf_Mold/09240d05-a928-4491-9f13-ee42b693e2bd___Crnl_L.Mold 6610.JPG,Tomato_Leaf_Mold,3
Tomato_Late_blight/d2619e9f-172d-4c42-8513-0ab522c02824___GHLB Leaf 2.2 Day 16.JPG,Tomato_Late_blight,2
Tomato_Late_blight/e131a4c1-21d7-40cd-a19f-02456e411750___GHLB Leaf 3 Day 1.JPG,Tomato_Late_blight,2
Tomato_Late_blight/b687c1bd-478f-45ea-a69d-d66f980dea08___GHLB Leaf 7 Day 6.JPG,Tomato_Late_blight,2
Tomato_healthy/8db75488-efa8-48f9-bfe8-453b1b5a2b94___RS_HL 9706.JPG,Tomato_healthy,0
Tomato_Late_blight/90b93808-6b41-4539-9a76-ebe75ba61202___GHLB2 Leaf 155.JPG,Tomato_Late_blight,2
Tomato_healthy/0a334ae6-bea3-4453-b200-85e082794d56___GH_HL Leaf 310.1.JPG,Tomato_healthy,0
Tomato_Leaf_Mold/4459390d-64ca-42d2-977b-afb0ed667701___Crnl_L.Mold 6714.JPG,Tomato_Leaf_Mold,3
Tomato_Early_blight/5ac465b8-86c9-469a-a656-add4ab1f14e4___RS_Erly.B 6473.JPG,Tomato_Early_blight,1
Tomato_Early_blight/d3fd3d9c-60ba-432c-a4a7-049f014ecace___RS_Erly.B 7696.JPG,Tomato_Early_blight,1
Tomato_Bacterial_spot/7e7479df-7aac-4b5f-9724-db28ca442a74___GCREC_Bact.Sp 3215.JPG,Tomato_Bacterial_spot,4
Tomato_Early_blight/0982d864-182e-4d36-959a-dcc67d85d9e6___RS_Erly.B 9481.JPG,Tomato_Early_blight,1
Tomato_Bacterial_spot/1a570997-ffc2-4166-a436-8f6a7facd3fc___GCREC_Bact.Sp 3227.JPG,Tomato_Bacterial_spot,4
Tomato_Late_blight/a7049041-4ef3-4c55-b4bf-7721ca5630f4___RS_Late.B 5142.JPG,Tomato_Late_blight,2
Tomato_Late_blight/b25eff13-2674-4954-a6b8-bbd05ebbe154___GHLB2 Leaf 114.3.JPG,Tomato_Late_blight,2
Tomato_Late_blight/29f85d31-a9c2-404a-b7bc-9a5b9cd7aa88___RS_Late.B 5541.JPG,Tomato_Late_blight,2
Tomato_Leaf_Mold/ad0f47b8-f36c-42a8-8c9d-9c24f91a3ef1___Crnl_L.Mold 8891.JPG,Tomato_Leaf_Mold,3
Tomato_Late_blight/67bb7136-ae93-4839-853b-26e6cbf868f6___GHLB2 Leaf 105.JPG,Tomato_Late_blight,2
Tomato_Early_blight/8714986a-ae97-489a-8259-67411bfa2379___RS_Erly.B 9400.JPG,Tomato_Early_blight,1
Tomato_Leaf_Mold/0e508a3f-af06-4c8a-be78-5c38d2d4fb68___Crnl_L.Mold 6775.JPG,Tomato_Leaf_Mold,3
Tomato_healthy/8379a9cc-775f-4e91-b880-09d9afb361ac___RS_HL 0596.JPG,Tomato_healthy,0
Tomato_Early_blight/9eec6625-b337-403b-b93c-e809f4e0b8c4___RS_Erly.B 7681.JPG,Tomato_Early_blight,1
Tomato_healthy/37203047-d8ba-43f7-b31e-d496c41c569c___GH_HL Leaf 389.JPG,Tomato_healthy,0
Tomato_Bacterial_spot/5317478a-63d0-4ba5-a23d-983e9bbf2635___GCREC_Bact.Sp 6369.JPG,Tomato_Bacterial_spot,4
Tomato_Bacterial_spot/cb4644f6-9f79-4cad-96e8-08da62d43550___GCREC_Bact.Sp 5732.JPG,Tomato_Bacterial_spot,4
Tomato_Early_blight/0bb52721-51a6-4343-8c54-de15cedf8e5c___RS_Erly.B 7572.JPG,Tomato_Early_blight,1
Tomato_Late_blight/288f203e-7996-4290-afa7-f95c0c30506a___RS_Late.B 5562.JPG,Tomato_Late_blight,2
Tomato_Late_blight/08816f81-65f4-4372-84e8-d27b67a193d5___GHLB2 Leaf 152.JPG,Tomato_Late_blight,2
Tomato_Early_blight/8e4238dc-b4fd-46d0-8892-965e64dad7ab___RS_Erly.B 9404.JPG,Tomato_Early_blight,1
Tomato_Leaf_Mold/0eda4dc5-7f7b-4e27-9e53-1e0326eef88e___Crnl_L.Mold 8850.JPG,Tomato_Leaf_Mold,3
Tomato_Bacterial_spot/ea5451fc-7d10-4a88-8193-cbbdb1f8f748___GCREC_Bact.Sp 3785.JPG,Tomato_Bacterial_spot,4
Tomato_Late_blight/17948fd9-d37a-4324-b0e1-0b03701682f0___GHLB2 Leaf 8746.JPG,Tomato_Late_blight,2
Tomato_Late_blight/534dba84-d298-46bc-ac4a-c23e7c982ee4___RS_Late.B 4993.JPG,Tomato_Late_blight,2
Tomato_Leaf_Mold/c6583f61-77e9-4417-aed3-44198e567580___Crnl_L.Mold 8947.JPG,Tomato_Leaf_Mold,3
Tomato_Early_blight/2efd143b-619d-455d-9b16-95536cad01e3___RS_Erly.B 7780.JPG,Tomato_Early_blight,1
Tomato_Bacterial_spot/c1968e07-0f5b-4187-b718-868f1c24228d___GCREC_Bact.Sp 3639.JPG,Tomato_Bacterial_spot,4
Tomato_Bacterial_spot/5b247678-19af-4134-941e-de7bb39cee22___UF.GRC_BS_Lab Leaf 8800.JPG,Tomato_Bacterial_spot,4
Tomato_Early_blight/f4e5115b-ca57-4f02-9271-0c8eda45717e___RS_Erly.B 8317.JPG,Tomato_Early_blight,1
Tomato_Bacterial_spot/21e92c79-7f6e-457f-887f-a6e7ba02494b___GCREC_Bact.Sp 6049.JPG,Tomato_Bacterial_spot,4
Tomato_Bacterial_spot/c3ac7b7a-a626-4004-ae2b-58720f38f027___GCREC_Bact.Sp 6299.JPG,Tomato_Bacterial_spot,4
Tomato_Late_blight/8168a850-1360-49cf-8ecc-77730cc24ac5___RS_Late.B 4979.JPG,Tomato_Late_blight,2
Tomato_Bacterial_spot/e1fa4f5f-d166-4483-95c4-0c420ee2098e___GCREC_Bact.Sp 3458.JPG,Tomato_Bacterial_spot,4
Tomato_Early_blight/21d6c7aa-20d7-4434-9248-e21d073e165a___RS_Erly.B 7495.JPG,Tomato_Early_blight,1
Tomato_healthy/42e607e9-916c-470c-a17d-ec5348a40ded___RS_HL 0373.JPG,Tomato_healthy,0
Tomato_Late_blight/d75573fb-2bd8-43fa-9af5-3f219e35142f___RS_Late.B 5070.JPG,Tomato_Late_blight,2
Tomato_Late_blight/0172b2ff-6f6f-43e1-9a63-ea4bb2bce450___GHLB_PS Leaf 17 Day 9.jpg,Tomato_Late_blight,2
Tomato_Leaf_Mold/bccf2fe9-b834-47bf-b0c3-ecdc41c56614___Crnl_L.Mold 6523.JPG,Tomato_Leaf_Mold,3
Tomato_healthy/89ecd925-23ef-4bfe-8c55-cad05161aca2___GH_HL Leaf 236.1.JPG,Tomato_healthy,0
Tomato_Early_blight/f0eb00dc-22da-4c8b-b86d-72157ea9e71d___RS_Erly.B 9610.JPG,Tomato_Early_blight,1
Tomato_Late_blight/4fd803b3-c615-4d9e-9bee-54766b05672e___RS_Late.B 5002.JPG,Tomato_Late_blight,2
Tomato_Early_blight/0e2e58b7-1417-49c4-b014-b5efb4b4b831___RS_Erly.B 8256.JPG,Tomato_Early_blight,1
Tomato_Bacterial_spot/4128179b-06ee-4ad1-b2a9-792c448f5eb8___UF.GRC_BS_Lab Leaf 0219.JPG,Tomato_Bacterial_spot,4
Tomato_Early_blight/0ecc2ee7-fb66-41fa-a23b-9bdeaf31078a___RS_Erly.B 6381.JPG,Tomato_Early_blight,1
Tomato_Early_blight/54a33a0e-3bf6-44de-ba94-8b5096f1cb6e___RS_Erly.B 7668.JPG,Tomato_Early_blight,1
Tomato_Bacterial_spot/d489099b-31cf-484f-a0d6-46f24e6875ab___GCREC_Bact.Sp 3523.JPG,Tomato_Bacterial_spot,4
Tomato_healthy/da10b674-6bd2-4e1f-ba50-f08caac7a2ec___RS_HL 9742.JPG,Tomato_healthy,0
Tomato_Bacterial_spot/c32b4ac0-1b2c-4f26-9cb7-ba400bc2614e___GCREC_Bact.Sp 3385.JPG,Tomato_Bacterial_spot,4
Tomato_Late_blight/0fd882fa-471d-4bcc-ab2b-efdfaf904bc3___GHLB2 Leaf 8915.JPG,Tomato_Late_blight,2
Tomato_Leaf_Mold/a36014db-d82c-4b96-8de0-87d9b32bcfd0___Crnl_L.Mold 6634.JPG,Tomato_Leaf_Mold,3
Tomato_Leaf_Mold/dc61dd2d-7b0f-4927-a3af-4ad0c71bda15___Crnl_L.Mold 6561.JPG,Tomato_Leaf_Mold,3
Tomato_healthy/3d16ce8b-81ef-4be2-aec6-d1deab7282b4___RS_HL 0089.JPG,Tomato_healthy,0
Tomato_Late_blight/fbe8ab0c-7091-4bea-a2a5-94765096a7c9___RS_Late.B 6999.JPG,Tomato_Late_blight,2
Tomato_Late_blight/9a1a1ad7-f715-40a5-b136-0e0d1618ef60___RS_Late.B 6120.JPG,Tomato_Late_blight,2
Tomato_Bacterial_spot/ffabbe39-4939-414b-af91-825f80fa4d4a___UF.GRC_BS_Lab Leaf 0870.JPG,Tomato_Bacterial_spot,4
Tomato_Leaf_Mold/50f3f827-c254-4de3-a7d3-0a5d755367fc___Crnl_L.Mold 8733.JPG,Tomato_Leaf_Mold,3
Tomato_Bacterial_spot/f6084490-18e3-489a-9144-4584db9c1d38___GCREC_Bact.Sp 3049.JPG,Tomato_Bacterial_spot,4
Tomato_Bacterial_spot/072f9c7d-c296-49d9-a432-6ec9448cab2a___GCREC_Bact.Sp 3558.JPG,Tomato_Bacterial_spot,4
Tomato_Leaf_Mold/7f9fdc98-b176-45ac-a56f-28accf0a5a95___Crnl_L.Mold 6945.JPG,Tomato_Leaf_Mold,3
Tomato_Late_blight/a6b6fba1-bd00-4934-9029-ed51c46ed962___RS_Late.B 4894.JPG,Tomato_Late_blight,2
Tomato_Late_blight/142fbb48-886a-4b2b-8a2a-52e548e7e2b7___GHLB2 Leaf 117.3.JPG,Tomato_Late_blight,2
Tomato_Early_blight/68d40fcc-8554-4973-9abc-27fc1928cc9c___RS_Erly.B 7595.JPG,Tomato_Early_blight,1
Tomato_healthy/bab33032-182b-43c7-8eea-392267cd11ef___RS_HL 9822.JPG,Tomato_healthy,0
Tomato_Late_blight/a06cd325-69d3-476c-a515-7e836bb39f3a___RS_Late.B 7126.JPG,Tomato_Late_blight,2
Tomato_Early_blight/cb0e04ea-9d44-4c3f-b528-d7aa32aa0b85___RS_Erly.B 7850.JPG,Tomato_Early_blight,1
Tomato_healthy/c9bc09dd-7a19-46b6-ac5a-d857d50f0e5c___RS_HL 0484.JPG,Tomato_healthy,0
Tomato_Early_blight/baea464c-e54b-4e22-8bbc-8047d19ed0cf___RS_Erly.B 8323.JPG,Tomato_Early_blight,1
Tomato_Leaf_Mold/abc565cd-fe1c-4839-ad1f-5721d4506a2c___Crnl_L.Mold 9082.JPG,Tomato_Leaf_Mold,3
Tomato_Early_blight/289972f1-4f80-432d-8f44-39c16ea787c3___RS_Erly.B 7542.JPG,Tomato_Early_blight,1
Tomato_Late_blight/c3a42f36-c157-43ce-b12b-af47bf026171___GHLB2 Leaf 105.1.JPG,Tomato_Late_blight,2
Tomato_Bacterial_spot/e76d1b61-beb7-448d-ab33-328d3e99cbbc___GCREC_Bact.Sp 3796.JPG,Tomato_Bacterial_spot,4
Tomato_Leaf_Mold/81a0a46e-f862-4a63-8304-e2c537ca8fb2___Crnl_L.Mold 6824.JPG,Tomato_Leaf_Mold,3
Tomato_healthy/6e3fca10-be50-4074-ada4-3122e864d4e0___GH_HL Leaf 294.1.JPG,Tomato_healthy,0
Tomato_Leaf_Mold/f6ac8e4d-e718-48c4-acb4-614733512c96___Crnl_L.Mold 7052.JPG,Tomato_Leaf_Mold,3
Tomato_healthy/787fe2db-da4f-4655-bbb7-6fd8025feffe___RS_HL 9795.JPG,Tomato_healthy,0
Tomato_healthy/3b97d56b-a10d-4518-a332-a16f58238d6c___RS_HL 0240.JPG,Tomato_healthy,0
Tomato_Leaf_Mold/354c1fb7-f8ee-4a39-af91-0e5ef49b20bb___Crnl_L.Mold 8959.JPG,Tomato_Leaf_Mold,3
Tomato_Bacterial_spot/91da720b-dc5c-4e35-8b74-50229a43f8be___GCREC_Bact.Sp 2956.JPG,Tomato_Bacterial_spot,4
Tomato_Late_blight/58f61006-7ddb-48f7-86cd-7b2cc7858d0d___RS_Late.B 5110.JPG,Tomato_Late_blight,2
Tomato_healthy/aa0058b5-2857-40fd-8b40-24d728574aec___RS_HL 0415.JPG,Tomato_healthy,0
Tomato_Bacterial_spot/177b8ce1-d77a-41d7-93ac-852d37d69faa___GCREC_Bact.Sp 3390.JPG,Tomato_Bacterial_spot,4
Tomato_Early_blight/b63549aa-e944-482e-9329-3b1fb95f92c8___RS_Erly.B 9597.JPG,Tomato_Early_blight,1
Tomato_Leaf_Mold/8f901183-1af4-402b-87b7-d3838d598ce9___Crnl_L.Mold 9006.JPG,Tomato_Leaf_Mold,3
Tomato_Late_blight/8b2bb3d4-b5db-4772-8151-2689b7d52846___GHLB_PS Leaf 19.1 Day 8.jpg,Tomato_Late_blight,2
Tomato_Late_blight/03e8a2f9-6a7e-43dd-8a1b-3eb7cf99b89b___RS_Late.B 5034.JPG,Tomato_Late_blight,2
Tomato_Late_blight/a67418bb-f556-4b1d-ac63-839c4ea89b43___RS_Late.B 6914.JPG,Tomato_Late_blight,2
Tomato_Leaf_Mold/2ecf7371-b3e3-4206-be7c-5a8f3656be8a___Crnl_L.Mold 8921.JPG,Tomato_Leaf_Mold,3
Tomato_healthy/e67f9352-aae3-45f5-9b36-f0da08037d51___RS_HL 9944.JPG,Tomato_healthy,0
Tomato_Late_blight/9eb4d497-0c22-4f14-b779-4d2df664f25a___RS_Late.B 7158.JPG,Tomato_Late_blight,2
Tomato_Bacterial_spot/d90c232c-8940-4931-8b77-346b7fecf992___GCREC_Bact.Sp 3729.JPG,Tomato_Bacterial_spot,4
Tomato_Bacterial_spot/14f9fe9d-517e-4f70-9a4b-97fff9a26e65___GCREC_Bact.Sp 6295.JPG,Tomato_Bacterial_spot,4
Tomato_healthy/62e5933a-1405-4f56-b5c6-3bb6996465f5___RS_HL 0378.JPG,Tomato_healthy,0
Tomato_Leaf_Mold/4df098c3-c7c0-4f37-b3c4-e3d354e1296a___Crnl_L.Mold 8958.JPG,Tomato_Leaf_Mold,3
Tomato_Early_blight/b6bdfe3b-7cb9-48e1-86b2-4ccaf3770af1___RS_Erly.B 9477.JPG,Tomato_Early_blight,1
Tomato_healthy/64518a58-5c06-4a14-9ab6-2c4f71456050___GH_HL Leaf 394.JPG,Tomato_healthy,0
Tomato_Leaf_Mold/22cb45f2-6368-4e94-8deb-939d1f6b85ca___Crnl_L.Mold 7084.JPG,Tomato_Leaf_Mold,3
Tomato_Leaf_Mold/fa0cb20b-cafb-494d-85f5-0af1a5785671___Crnl_L.Mold 6743.JPG,Tomato_Leaf_Mold,3
Tomato_healthy/5fdf7f4f-4847-4492-bda8-01995d192e75___GH_HL Leaf 405.JPG,Tomato_healthy,0
Tomato_Bacterial_spot/e6ec0aa5-a195-4606-a539-cf7c13f62727___GCREC_Bact.Sp 3828.JPG,Tomato_Bacterial_spot,4
Tomato_Early_blight/ba19f779-d0cf-4bc7-88df-96e6080fdc96___RS_Erly.B 7599.JPG,Tomato_Early_blight,1
Tomato_Early_blight/0012b9d2-2130-4a06-a834-b1f3af34f57e___RS_Erly.B 8389.JPG,Tomato_Early_blight,1
Tomato_healthy/500f0eb8-4141-454e-a186-68350293b2ce___RS_HL 9905.JPG,Tomato_healthy,0
Tomato_Early_blight/2586a260-ecf6-40e8-aa11-4b8a50845575___RS_Erly.B 7833.JPG,Tomato_Early_blight,1
Tomato_healthy/948816c8-6d72-47ad-bafc-e1448be3459f___RS_HL 9891.JPG,Tomato_healthy,0
Tomato_healthy/cbb3f283-baaa-40b1-9e46-3414d8f74f99___GH_HL Leaf 231.1.JPG,Tomato_healthy,0
Tomato_Late_blight/e114b022-a00f-4055-9ff0-ae67c6722607___RS_Late.B 5024.JPG,Tomato_Late_blight,2
Tomato_Early_blight/f188144b-d52c-40c5-a06f-07d5796f9ab0___RS_Erly.B 9553.JPG,Tomato_Early_blight,1
Tomato_Leaf_Mold/91eeb305-5a5f-4e72-8258-776ea9ed6338___Crnl_L.Mold 7112.JPG,Tomato_Leaf_Mold,3
Tomato_Late_blight/b0fbd7bd-f906-489b-96ff-a2683eb76dd3___RS_Late.B 6173.JPG,Tomato_Late_blight,2
Tomato_Late_blight/4d8b05f5-930b-426b-bbea-0bd33e8a6c42___RS_Late.B 6830.JPG,Tomato_Late_blight,2
Tomato_Leaf_Mold/c5194079-bfc0-40d3-bc7e-d379bce83eaf___Crnl_L.Mold 6705.JPG,Tomato_Leaf_Mold,3
Tomato_Bacterial_spot/8ff85c38-bc88-4bd3-872b-363316b27b5b___GCREC_Bact.Sp 5843.JPG,Tomato_Bacterial_spot,4
Tomato_Late_blight/bbedca9b-8f66-4437-adb6-87f11edd8398___GHLB_PS Leaf 47.2 Day 18.jpg,Tomato_Late_blight,2
Tomato_Leaf_Mold/65a8115c-7646-4226-adbb-c819baac010a___Crnl_L.Mold 6842.JPG,Tomato_Leaf_Mold,3
Tomato_Late_blight/94cc1863-a527-4f26-9b08-2f3bc17ff93f___GHLB Leaf 23.3 Day 13.JPG,Tomato_Late_blight,2
Tomato_Early_blight/b165d0d3-726d-4913-8b92-3f14e1b99410___RS_Erly.B 6377.JPG,Tomato_Early_blight,1
Tomato_Bacterial_spot/817211b7-a7bf-49a9-bdb8-dc78cba82ab9___GCREC_Bact.Sp 3799.JPG,Tomato_Bacterial_spot,4
Tomato_Early_blight/18d8f15c-4948-4506-ae09-54169f95cf36___RS_Erly.B 7496.JPG,Tomato_Early_blight,1
Tomato_Leaf_Mold/d7fea35f-d06e-4791-9028-d032946a4bcf___Crnl_L.Mold 8666.JPG,Tomato_Leaf_Mold,3
Tomato_Bacterial_spot/bf0ce672-d1b8-49a7-a41e-5026715930e9___GCREC_Bact.Sp 6040.JPG,Tomato_Bacterial_spot,4
Tomato_Late_blight/bf1dbfe2-cbad-428f-9d91-4a63de9121bd___RS_Late.B 5036.JPG,Tomato_Late_blight,2
Tomato_Late_blight/edab4e30-5e08-4bf9-92eb-695d4472add6___RS_Late.B 5582.JPG,Tomato_Late_blight,2
Tomato_healthy/6c125a79-9b14-4a91-8f03-342910c7fe57___GH_HL Leaf 433.JPG,Tomato_healthy,0
Tomato_healthy/a5e54e01-2cd5-482a-bfba-8728ca32473c___GH_HL Leaf 426.JPG,Tomato_healthy,0
Tomato_Late_blight/e615ae3b-8526-42f0-9c0f-2678e0a50ad4___RS_Late.B 6145.JPG,Tomato_Late_blight,2
Tomato_healthy/bc6175c9-0e00-4618-af5a-3dd43a3e6266___GH_HL Leaf 238.1.JPG,Tomato_healthy,0
Tomato_healthy/8c43c178-69de-4e23-a075-1f0bdbf586db___RS_HL 0637.JPG,Tomato_healthy,0
Tomato_Leaf_Mold/b26fc8e6-5d9f-4b96-b02b-f048c4b9e05a___Crnl_L.Mold 6735.JPG,Tomato_Leaf_Mold,3
Tomato_Leaf_Mold/7e92a777-46fc-46d0-a169-e4d125c5b33e___Crnl_L.Mold 7017.JPG,Tomato_Leaf_Mold,3
Tomato_healthy/285e95b9-fe77-43a7-85ab-5ef37ae162f8___RS_HL 0047.JPG,Tomato_healthy,0
Tomato_Bacterial_spot/9f2c6d36-700b-4eec-9478-31cfaaed166e___UF.GRC_BS_Lab Leaf 0723.JPG,Tomato_Bacterial_spot,4
Tomato_Early_blight/c8dd6713-727e-4811-b951-e70e44d0c483___RS_Erly.B 7817.JPG,Tomato_Early_blight,1
Tomato_Early_blight/93296d31-4bc2-4998-adce-ec243e940152___RS_Erly.B 7410.JPG,Tomato_Early_blight,1
Tomato_Bacterial_spot/86675a78-d635-447c-85c8-33c683d24092___GCREC_Bact.Sp 6058.JPG,Tomato_Bacterial_spot,4
Tomato_healthy/5015e0d2-a6e3-4859-aceb-78089d1b60f7___GH_HL Leaf 186.2.JPG,Tomato_healthy,0
Tomato_healthy/f04f1e27-b6b0-43a6-b5c5-a4ec6d75ed3e___RS_HL 9737.JPG,Tomato_healthy,0
Tomato_Early_blight/3e9af11d-b43d-4bfd-9cdf-1b0d847d3bf6___RS_Erly.B 7739.JPG,Tomato_Early_blight,1
Tomato_Bacterial_spot/ccf403ce-5219-4735-a7c3-709d3fc6590b___GCREC_Bact.Sp 3301.JPG,Tomato_Bacterial_spot,4
Tomato_Early_blight/dc29e8de-633c-472e-8e12-c1a032437d1e___RS_Erly.B 8447.JPG,Tomato_Early_blight,1
Tomato_Early_blight/bc351ae2-a270-4e17-aff9-b1f559f665f3___RS_Erly.B 7634.JPG,Tomato_Early_blight,1
Tomato_Leaf_Mold/aaa75054-5e35-419b-98f0-ee75a065aa09___Crnl_L.Mold 6534.JPG,Tomato_Leaf_Mold,3
Tomato_Bacterial_spot/04210e47-ad95-4648-8f1e-dc183581157c___UF.GRC_BS_Lab Leaf 0320.JPG,Tomato_Bacterial_spot,4
Tomato_healthy/1528d8ea-c972-4da3-8f66-b4a0de6ace90___RS_HL 0573.JPG,Tomato_healthy,0
Tomato_Late_blight/537465e6-a88a-44d9-aa89-4e3877cee904___RS_Late.B 5433.JPG,Tomato_Late_blight,2
Tomato_healthy/6a9836cb-f987-4ccf-8841-f227989ff5ec___RS_HL 0045.JPG,Tomato_healthy,0
Tomato_Bacterial_spot/95c643fe-b526-467b-bc19-65e0f5f745f8___GCREC_Bact.Sp 6378.JPG,Tomato_Bacterial_spot,4
Tomato_Leaf_Mold/03c6374e-c292-440e-b2e3-a70c5e64562a___Crnl_L.Mold 8935.JPG,Tomato_Leaf_Mold,3
Tomato_Bacterial_spot/37d9751a-27aa-4771-a131-5411a43028f5___GCREC_Bact.Sp 3470.JPG,Tomato_Bacterial_spot,4
Tomato_Early_blight/762585ed-e09c-43c8-8297-8b6ef503ecb0___RS_Erly.B 7420.JPG,Tomato_Early_blight,1
Tomato_Early_blight/49c8f57f-3418-45db-b807-6192c20dfc6a___RS_Erly.B 7784.JPG,Tomato_Early_blight,1
Tomato_Late_blight/10f6247e-c3d0-4f3f-92aa-f1da76db8086___RS_Late.B 5147.JPG,Tomato_Late_blight,2
Tomato_healthy/488feb1c-4b9f-44e7-8aa6-4103a9601f5f___GH_HL Leaf 434.JPG,Tomato_healthy,0
Tomato_Bacterial_spot/56a71742-bb4c-4fde-8f21-5ebc5f37514d___GCREC_Bact.Sp 5738.JPG,Tomato_Bacterial_spot,4
Tomato_Late_blight/5c1531ba-78f7-4d02-b9f8-b227b33e22ac___GHLB2 Leaf 8874.JPG,Tomato_Late_blight,2
Tomato_healthy/b2793705-a666-4ba0-ac9f-3b60fc0bbdf4___RS_HL 0342.JPG,Tomato_healthy,0
Tomato_Early_blight/c581e384-d3bd-4a55-a03a-761ebe1e4895___RS_Erly.B 7567.JPG,Tomato_Early_blight,1
Tomato_Bacterial_spot/8359ee8c-ab0e-4aaf-9369-b1a748e4dcf1___GCREC_Bact.Sp 6337.JPG,Tomato_Bacterial_spot,4
Tomato_healthy/3be50742-0fe9-404a-809e-9597793748a8___GH_HL Leaf 191.JPG,Tomato_healthy,0
Tomato_Bacterial_spot/086880d1-73c4-40d3-99ea-d446c2299692___GCREC_Bact.Sp 3333.JPG,Tomato_Bacterial_spot,4
Tomato_healthy/7de93009-6180-4027-8779-76947cda3e2f___2700323949_95aa2eaa01_o.jpg,Tomato_healthy,0
Tomato_Bacterial_spot/a1d8e2a7-c4c9-42d2-8a0d-bcf04053412f___GCREC_Bact.Sp 5672.JPG,Tomato_Bacterial_spot,4
Tomato_Bacterial_spot/e75acbf3-725b-4433-bc3e-542e0b931cf6___UF.GRC_BS_Lab Leaf 0474.JPG,Tomato_Bacterial_spot,4
Tomato_healthy/e5e65db7-de7e-4dc7-a480-9bd7092ccf69___RS_HL 0222.JPG,Tomato_healthy,0
Tomato_Bacterial_spot/3c7a5a88-18d4-4b74-ba9f-df25a5927c92___UF.GRC_BS_Lab Leaf 0371.JPG,Tomato_Bacterial_spot,4
Tomato_Leaf_Mold/4172a7c2-35dc-426f-9b59-c7b1908edc5a___Crnl_L.Mold 6710.JPG,Tomato_Leaf_Mold,3
Tomato_healthy/debe033e-a878-46dc-8336-8bc25811df35___GH_HL Leaf 303.JPG,Tomato_healthy,0
Tomato_healthy/7521718e-614b-4de0-ba94-f587b0113a69___RS_HL 0145.JPG,Tomato_healthy,0
Tomato_Late_blight/7fe35989-ae3c-4652-931f-820e2cdb7c96___RS_Late.B 6876.JPG,Tomato_Late_blight,2
Tomato_Late_blight/666f07e1-b030-4ba4-8111-9a1024763a1b___RS_Late.B 6932.JPG,Tomato_Late_blight,2
Tomato_healthy/b66ce067-f338-4ae5-8f62-578ce164456a___RS_HL 0610.JPG,Tomato_healthy,0
Tomato_Bacterial_spot/f666c0a8-9564-43af-aa93-14192a43816c___GCREC_Bact.Sp 5673.JPG,Tomato_Bacterial_spot,4
Tomato_Late_blight/a4547675-5ca9-48de-a334-deb20db0808c___GHLB_PS Leaf 34 Day 13.jpg,Tomato_Late_blight,2
Tomato_Late_blight/a9b6997c-b2bd-4938-aa5f-492ae0cc8431___RS_Late.B 5063.JPG,Tomato_Late_blight,2
Tomato_Late_blight/b0e6fd13-ea0c-4e04-bdd3-70878b71f353___GHLB2 Leaf 106.1.JPG,Tomato_Late_blight,2
Tomato_Bacterial_spot/6a309da1-f8f4-404f-afb3-f07482a19282___UF.GRC_BS_Lab Leaf 9049.JPG,Tomato_Bacterial_spot,4
Tomato_healthy/1ebf9add-aa7f-4a84-adbf-67f700f918bc___GH_HL Leaf 437.JPG,Tomato_healthy,0
Tomato_healthy/a01d8297-f16b-41ab-b7b9-6343d5b7d8a6___RS_HL 0419.JPG,Tomato_healthy,0
Tomato_Early_blight/b69edd18-e303-41b5-92a7-769154106917___RS_Erly.B 7587.JPG,Tomato_Early_blight,1
Tomato_Bacterial_spot/8fb90166-3c4a-4553-a920-54b529dbaf24___UF.GRC_BS_Lab Leaf 0271.JPG,Tomato_Bacterial_spot,4
Tomato_Early_blight/5390d8c0-5781-47cf-8d0a-482e000a01f3___RS_Erly.B 7400.JPG,Tomato_Early_blight,1
Tomato_Bacterial_spot/1f96aa30-b5fd-4730-a758-ca586cbcf59f___GCREC_Bact.Sp 3688.JPG,Tomato_Bacterial_spot,4
Tomato_Early_blight/7c1dc810-54ee-4442-86d5-6994d4736d92___RS_Erly.B 6430.JPG,Tomato_Early_blight,1
Tomato_Late_blight/5c33bdb3-8101-4b21-a9d1-8d490bb22e16___GHLB2 Leaf 8971.JPG,Tomato_Late_blight,2
Tomato_Leaf_Mold/331752ba-3d14-4e35-9d0a-8f40b2a31653___Crnl_L.Mold 8916.JPG,Tomato_Leaf_Mold,3
Tomato_healthy/8e6025ac-c6d3-412a-9fec-946247f6ca08___GH_HL Leaf 461.3.JPG,Tomato_healthy,0
Tomato_Leaf_Mold/f3c54833-7b3e-43bf-8d1d-a67a8c6cfd83___Crnl_L.Mold 8858.JPG,Tomato_Leaf_Mold,3
Tomato_Bacterial_spot/6df85e24-1b90-4305-96d8-9831116e8cdb___GCREC_Bact.Sp 6221.JPG,Tomato_Bacterial_spot,4
Tomato_Early_blight/4e5f8530-2696-433d-91ec-5f53488b1d18___RS_Erly.B 8299.JPG,Tomato_Early_blight,1
Tomato_healthy/2e4b9ef4-4ee8-4a50-aac0-de7c001f36d4___GH_HL Leaf 288.1.JPG,Tomato_healthy,0
Tomato_healthy/fe0e2d7f-3aee-4c36-8fe1-661b4eacc994___GH_HL Leaf 507.1.JPG,Tomato_healthy,0
Tomato_Early_blight/0fc8cb27-a10f-4587-a91d-4dbec9f839c7___RS_Erly.B 7715.JPG,Tomato_Early_blight,1
Tomato_Early_blight/325b9138-a030-4156-ae85-20de17e89f7e___RS_Erly.B 7807.JPG,Tomato_Early_blight,1
Tomato_Early_blight/1873e09f-31fd-4612-920a-861fac1af687___RS_Erly.B 7797.JPG,Tomato_Early_blight,1
Tomato_Leaf_Mold/87e7e3be-acc9-45bf-a843-5528b1ec9484___Crnl_L.Mold 8924.JPG,Tomato_Leaf_Mold,3
Tomato_Early_blight/00c5c908-fc25-4710-a109-db143da23112___RS_Erly.B 7778.JPG,Tomato_Early_blight,1
Tomato_Leaf_Mold/8d545c01-91da-4672-ad00-5db9da864d33___Crnl_L.Mold 8928.JPG,Tomato_Leaf_Mold,3
Tomato_Bacterial_spot/4adf8989-4cc7-4145-a1be-834e2e3ca9a8___GCREC_Bact.Sp 5671.JPG,Tomato_Bacterial_spot,4
Tomato_Late_blight/d6027b84-ede4-4b4a-b76b-3fa65f4e663c___RS_Late.B 5198.JPG,Tomato_Late_blight,2
Tomato_healthy/fa55bcc1-cda8-458e-a137-579f1dc1bda8___RS_HL 9845.JPG,Tomato_healthy,0
Tomato_Leaf_Mold/f0e71c5c-4a0b-4b97-88db-19438a52d9b1___Crnl_L.Mold 8751.JPG,Tomato_Leaf_Mold,3
Tomato_Leaf_Mold/27fb67df-f3f0-4e27-9fa3-6b7ee21515f1___Crnl_L.Mold 8934.JPG,Tomato_Leaf_Mold,3
Tomato_Bacterial_spot/6a416698-31f1-4625-8c83-195721e70508___GCREC_Bact.Sp 3339.JPG,Tomato_Bacterial_spot,4
Tomato_Bacterial_spot/28557b27-1dce-4cd4-bed0-c4a84207d3e2___GCREC_Bact.Sp 6187.JPG,Tomato_Bacterial_spot,4
Tomato_healthy/ed76421e-84e4-408b-a1b3-c6164867b3d2___RS_HL 0560.JPG,Tomato_healthy,0
Tomato_Leaf_Mold/301d7712-9538-418b-a767-041aa830d1ad___Crnl_L.Mold 6711.JPG,Tomato_Leaf_Mold,3
Tomato_Late_blight/e242de40-3f89-46e9-b490-d42378965c9f___RS_Late.B 5595.JPG,Tomato_Late_blight,2
Tomato_Bacterial_spot/6fba21aa-5e08-4072-af5c-1ffb9cf67c92___GCREC_Bact.Sp 5551.JPG,Tomato_Bacterial_spot,4
Tomato_healthy/148e32de-8876-45d9-92c5-43c17d7292fa___RS_HL 0189.JPG,Tomato_healthy,0
Tomato_Leaf_Mold/a7efbe92-8d37-41c0-9af9-792e575f5894___Crnl_L.Mold 6900.JPG,Tomato_Leaf_Mold,3
Tomato_Bacterial_spot/2bb3c4e6-350a-411b-a1d2-d33f6173b1b9___UF.GRC_BS_Lab Leaf 0258.JPG,Tomato_Bacterial_spot,4
Tomato_Early_blight/eefcdf5d-5207-47ca-916d-0479f010bae8___RS_Erly.B 9482.JPG,Tomato_Early_blight,1
Tomato_Late_blight/9afc2537-1b13-4c25-b5ed-5b8de511b0ab___GHLB2 Leaf 9033.JPG,Tomato_Late_blight,2
Tomato_Bacterial_spot/40a87e9b-876d-4838-9cf4-1b1256080fad___GCREC_Bact.Sp 5932.JPG,Tomato_Bacterial_spot,4
Tomato_healthy/6ce07d35-afb2-4290-9239-ef1dcb92acd8___GH_HL Leaf 492.1.JPG,Tomato_healthy,0
Tomato_Bacterial_spot/0756753c-decb-4344-892f-4677b8215f0f___GCREC_Bact.Sp 5778.JPG,Tomato_Bacterial_spot,4
Tomato_Bacterial_spot/e2286f6d-1e30-4528-ab51-84c18a16b7e1___GCREC_Bact.Sp 3503.JPG,Tomato_Bacterial_spot,4
Tomato_healthy/202825fe-3d0b-4c86-aea3-15604e2efed4___RS_HL 9694.JPG,Tomato_healthy,0
Tomato_healthy/62c9e613-b9ae-4be2-9000-2bc800549baa___RS_HL 9625.JPG,Tomato_healthy,0
Tomato_Early_blight/3592b22c-09cd-4005-97c4-cdd11318cce0___RS_Erly.B 9391.JPG,Tomato_Early_blight,1
Tomato_Early_blight/e2edea17-f5cf-4496-8cce-7e421375c452___RS_Erly.B 7666.JPG,Tomato_Early_blight,1
Tomato_healthy/cd469bb3-30c8-4cad-9b4e-27c77a538dfa___GH_HL Leaf 392.JPG,Tomato_healthy,0
Tomato_healthy/7b953f3c-719f-4b0e-b62d-2c651eac6c18___RS_HL 0635.JPG,Tomato_healthy,0
Tomato_Late_blight/dbbe0ac5-5cb6-4bcd-940a-f0a8104d4e79___RS_Late.B 6067.JPG,Tomato_Late_blight,2
Tomato_Late_blight/a0f74b23-b001-4cb9-8a79-f80bda4cc8e8___GHLB2 Leaf 9018.JPG,Tomato_Late_blight,2
Tomato_Leaf_Mold/b7a7692a-e43f-4d18-9926-da574595121d___Crnl_L.Mold 9134.JPG,Tomato_Leaf_Mold,3
Tomato_healthy/6f489b75-4fca-4aae-834d-409db790224b___GH_HL Leaf 205.JPG,Tomato_healthy,0
Tomato_Leaf_Mold/3a7f507d-76d7-4489-baf4-2e4dad468173___Crnl_L.Mold 8784.JPG,Tomato_Leaf_Mold,3
Tomato_Leaf_Mold/bcab5afc-96ce-4b88-8801-8e905b783ef3___Crnl_L.Mold 9094.JPG,Tomato_Leaf_Mold,3
Tomato_Early_blight/0378db62-5231-4eff-815d-c0deb0043e80___RS_Erly.B 7464.JPG,Tomato_Early_blight,1
Tomato_Late_blight/02790384-a589-421b-8695-693e77970418___GHLB2 Leaf 8920.JPG,Tomato_Late_blight,2
Tomato_healthy/6516ac80-5103-4d40-8200-af7dbdc239e7___GH_HL Leaf 202.1.JPG,Tomato_healthy,0
Tomato_Bacterial_spot/5aeedf79-4095-41e5-b743-ae2afb328940___GCREC_Bact.Sp 6078.JPG,Tomato_Bacterial_spot,4
Tomato_Bacterial_spot/0542f446-f9d7-4173-ab07-f41125b21dc7___GCREC_Bact.Sp 3074.JPG,Tomato_Bacterial_spot,4
Tomato_healthy/fb4ce6df-613b-4d52-8e11-28dfa448a5e1___GH_HL Leaf 483.JPG,Tomato_healthy,0
Tomato_healthy/741595d0-322d-4711-9005-b1e39b9567c1___RS_HL 0491.JPG,Tomato_healthy,0
Tomato_Early_blight/2a64ed5f-6be9-463b-894f-e2953da0a974___RS_Erly.B 7520.JPG,Tomato_Early_blight,1
Tomato_Leaf_Mold/26088b3b-58c2-4037-90e3-8c8d8c4cf441___Crnl_L.Mold 9119.JPG,Tomato_Leaf_Mold,3
Tomato_Leaf_Mold/9088e27c-b60b-476c-a924-929058038fa1___Crnl_L.Mold 7167.JPG,Tomato_Leaf_Mold,3
Tomato_Bacterial_spot/78b53dfd-6959-49f2-99a3-b4baa586198d___GCREC_Bact.Sp 6324.JPG,Tomato_Bacterial_spot,4
Tomato_healthy/c8bb9905-8eb3-4d57-9c4b-caa1d4dca255___RS_HL 0243.JPG,Tomato_healthy,0
Tomato_Late_blight/a07a8ed5-dbed-4299-96ef-18bc1ffcab3b___GHLB2 Leaf 68.JPG,Tomato_Late_blight,2
Tomato_Late_blight/90b4fa52-1f63-466f-ab26-e2b180935c94___RS_Late.B 6323.JPG,Tomato_Late_blight,2
Tomato_Late_blight/0bb05a47-55a2-4c23-9dd2-3a5abf17c9f4___GHLB Leaf 5 Day 1.JPG,Tomato_Late_blight,2
Tomato_Bacterial_spot/a207f1b6-9f64-4d3c-80ca-db47faa91c97___GCREC_Bact.Sp 2951.JPG,Tomato_Bacterial_spot,4
Tomato_healthy/5876e77a-8598-418c-bae2-b7492c8e46bd___RS_HL 9859.JPG,Tomato_healthy,0
Tomato_Leaf_Mold/8b009f83-acfa-48bd-bc45-76ea1c58d317___Crnl_L.Mold 8855.JPG,Tomato_Leaf_Mold,3
Tomato_Leaf_Mold/27c4fc3e-760a-4d3c-8552-bb5ca4eab3d8___Crnl_L.Mold 6781.JPG,Tomato_Leaf_Mold,3
Tomato_Leaf_Mold/88e7f3bd-69e4-48b1-a6c4-10e5bded113a___Crnl_L.Mold 6514.JPG,Tomato_Leaf_Mold,3
Tomato_healthy/d45c5eb7-c7b7-430b-9b2c-917a4a34315e___RS_HL 0151.JPG,Tomato_healthy,0
Tomato_Early_blight/11922494-321b-4742-afbe-f6db6a8b4005___RS_Erly.B 9392.JPG,Tomato_Early_blight,1
Tomato_Leaf_Mold/d2422f17-4d15-4416-8c24-fba263d9b3db___Crnl_L.Mold 8810.JPG,Tomato_Leaf_Mold,3
Tomato_healthy/05598cc1-60b9-4436-a233-973c42eff2d6___GH_HL Leaf 503.1.JPG,Tomato_healthy,0
Tomato_Late_blight/1627cb48-dc80-46a1-bda0-b677c32fbf56___RS_Late.B 5066.JPG,Tomato_Late_blight,2
Tomato_Early_blight/289ba10b-f518-445a-8c54-cc981e2ffe34___RS_Erly.B 7399.JPG,Tomato_Early_blight,1
Tomato_Bacterial_spot/6e8def24-a55a-464e-88a3-624075de0cf1___GCREC_Bact.Sp 2952.JPG,Tomato_Bacterial_spot,4
Tomato_Early_blight/a00845f3-9a14-474b-967c-82b7ea7b314f___RS_Erly.B 7550.JPG,Tomato_Early_blight,1
Tomato_Bacterial_spot/8ea20132-2bfb-4beb-bda6-88f1f4bb8936___GCREC_Bact.Sp 3103.JPG,Tomato_Bacterial_spot,4
Tomato_healthy/06d90ad5-eb13-49aa-ae04-3a4a5454963d___RS_HL 0620.JPG,Tomato_healthy,0
Tomato_Early_blight/9d2bc87f-f309-41a4-a533-569456706e2b___RS_Erly.B 6367.JPG,Tomato_Early_blight,1
Tomato_Bacterial_spot/922416fb-0c08-4edd-894b-bbea0ba183f3___GCREC_Bact.Sp 5900.JPG,Tomato_Bacterial_spot,4
Tomato_Early_blight/ab26012b-d88e-4b69-b985-1cba46315762___RS_Erly.B 9468.JPG,Tomato_Early_blight,1
Tomato_Late_blight/e6644ce4-5856-4627-b08d-36ac786afaa5___RS_Late.B 6856.JPG,Tomato_Late_blight,2
Tomato_Early_blight/4f4ef45f-80b4-4fde-b052-f932d2b5a9f3___RS_Erly.B 9410.JPG,Tomato_Early_blight,1
Tomato_healthy/ca553e23-a738-485a-95e6-3b578477d3f4___RS_HL 9854.JPG,Tomato_healthy,0
Tomato_Early_blight/2ab7f21e-4a55-4895-acdb-5f161167a0f1___RS_Erly.B 8318.JPG,Tomato_Early_blight,1
Tomato_Early_blight/a40e0118-57f7-4a3c-92f5-07e968449dd0___RS_Erly.B 9536.JPG,Tomato_Early_blight,1
Tomato_Late_blight/7076ebe9-be52-4b6e-a667-a3ce940a0cbc___RS_Late.B 5392.JPG,Tomato_Late_blight,2
Tomato_Leaf_Mold/559675ba-6f1c-4d85-b66d-849c6b8845d4___Crnl_L.Mold 8651.JPG,Tomato_Leaf_Mold,3
Tomato_healthy/1b150c8d-ab5d-43b5-a61d-c3fb3a8ffd54___GH_HL Leaf 321.JPG,Tomato_healthy,0
Tomato_Early_blight/803ac166-670f-4cad-9f37-e36eea3118d9___RS_Erly.B 9457.JPG,Tomato_Early_blight,1
Tomato_Early_blight/2f3c483a-b18d-4571-8c00-fb24f166d328___RS_Erly.B 7667.JPG,Tomato_Early_blight,1
Tomato_healthy/ce9a5c21-e77d-4db4-baa3-d03c24e360b0___GH_HL Leaf 281.JPG,Tomato_healthy,0
Tomato_Bacterial_spot/486af1e3-91b4-4d0c-ba01-4992f9ddddce___GCREC_Bact.Sp 5745.JPG,Tomato_Bacterial_spot,4
Tomato_healthy/3c8fb1de-5acf-4194-8a8c-5349067cbaf8___RS_HL 0351.JPG,Tomato_healthy,0
Tomato_Leaf_Mold/ad05c94b-3432-4776-99ff-a5735e52cf7a___Crnl_L.Mold 7162.JPG,Tomato_Leaf_Mold,3
Tomato_Leaf_Mold/4ff6a1de-00e2-401b-b6c2-e523289a9228___Crnl_L.Mold 6715.JPG,Tomato_Leaf_Mold,3
Tomato_healthy/8e117b61-5360-49c8-aa55-4e90f8fae129___GH_HL Leaf 261.JPG,Tomato_healthy,0
Tomato_Late_blight/4b115bc3-911c-4e98-b948-a6a360f06a87___GHLB_PS Leaf 25 Day 9.jpg,Tomato_Late_blight,2
Tomato_healthy/16ed4e23-5218-4e8b-85df-86a7069a675d___GH_HL Leaf 519.1.JPG,Tomato_healthy,0
Tomato_Early_blight/0d5f65a3-b32f-4565-b63a-c6da73c1322b___RS_Erly.B 8310.JPG,Tomato_Early_blight,1
Tomato_Early_blight/a86f36c6-2089-4367-ba3e-5b7c8b3c0084___RS_Erly.B 7492.JPG,Tomato_Early_blight,1
Tomato_healthy/4c2c45b2-7e33-4b1d-9125-b14b5ccafedd___RS_HL 9991.JPG,Tomato_healthy,0
Tomato_healthy/81382c17-1a00-4597-87e4-2e674d38d6d2___GH_HL Leaf 269.1.JPG,Tomato_healthy,0
Tomato_Early_blight/1941f5d9-f31f-453e-b07c-3f90da6aa381___RS_Erly.B 8238.JPG,Tomato_Early_blight,1
Tomato_Early_blight/ad898210-9539-4fe4-abf0-a568b57ff205___RS_Erly.B 6336.JPG,Tomato_Early_blight,1
Tomato_Bacterial_spot/641aa012-41e5-4e85-bac4-1d81bd67be58___GCREC_Bact.Sp 5665.JPG,Tomato_Bacterial_spot,4
Tomato_Bacterial_spot/11a25ab9-8a55-4891-898c-ef29c0502fa2___GCREC_Bact.Sp 3531.JPG,Tomato_Bacterial_spot,4
Tomato_Leaf_Mold/05205449-e0d0-4d2f-a2fb-6f1fc0e2e9c5___Crnl_L.Mold 8717.JPG,Tomato_Leaf_Mold,3
Tomato_Leaf_Mold/b814eaf5-3c86-4f5f-b05a-24db749c8f6b___Crnl_L.Mold 7011.JPG,Tomato_Leaf_Mold,3
Tomato_Bacterial_spot/ed94e669-2770-4452-9698-cfaea67e92d4___GCREC_Bact.Sp 6222.JPG,Tomato_Bacterial_spot,4
Tomato_Early_blight/6b9b4ddb-9ac0-4da5-9176-24c325bd6037___RS_Erly.B 7392.JPG,Tomato_Early_blight,1
Tomato_Leaf_Mold/b98b4279-5ffc-4314-a3c4-1fc05e3b0aec___Crnl_L.Mold 6844.JPG,Tomato_Leaf_Mold,3
Tomato_Early_blight/9249614a-4e74-49af-81ab-f8d0689fdc50___RS_Erly.B 7610.JPG,Tomato_Early_blight,1
Tomato_Leaf_Mold/6540d96a-71ba-4c91-8319-c0f4019a1b8e___Crnl_L.Mold 6910.JPG,Tomato_Leaf_Mold,3
Tomato_healthy/a5de43e7-fc2f-4a14-a8e6-c0f2f94c84f1___GH_HL Leaf 434.JPG,Tomato_healthy,0
Tomato_Leaf_Mold/cd7aaafb-8abc-4a8f-b1b6-96cdf3facbb1___Crnl_L.Mold 9172.JPG,Tomato_Leaf_Mold,3
Tomato_healthy/a05f8f2d-6ac6-45d8-b7ad-394bbda892fc___RS_HL 0613.JPG,Tomato_healthy,0
Tomato_healthy/a37b6334-5748-413a-9c7d-85c3ac8edee8___GH_HL Leaf 260.1.JPG,Tomato_healthy,0
Tomato_Early_blight/cbff5638-51d0-4eae-90a2-9ce6e00acf9b___RS_Erly.B 9456.JPG,Tomato_Early_blight,1
Tomato_Late_blight/e27901d0-1f93-4342-a8d1-6e19f234b296___GHLB2 Leaf 8916.JPG,Tomato_Late_blight,2
Tomato_Early_blight/70d0d259-85a6-4be5-8d47-dba059c5c259___RS_Erly.B 7539.JPG,Tomato_Early_blight,1
Tomato_Leaf_Mold/9d83467e-974a-478a-a163-e20240fcf102___Crnl_L.Mold 6786.JPG,Tomato_Leaf_Mold,3
Tomato_Early_blight/c21e480d-8263-4b9c-b429-4beceb2cb7d0___RS_Erly.B 8292.JPG,Tomato_Early_blight,1
Tomato_Bacterial_spot/cae55521-635e-4d8d-b67c-f178ba3f237a___GCREC_Bact.Sp 5904.JPG,Tomato_Bacterial_spot,4
Tomato_healthy/8328f7fb-5929-4920-921a-ae9a24db66c2___RS_HL 0597.JPG,Tomato_healthy,0
Tomato_Leaf_Mold/9dc10e0a-36ee-4882-84c4-f7c7668550bd___Crnl_L.Mold 7177.JPG,Tomato_Leaf_Mold,3
Tomato_Leaf_Mold/4699bc00-7eed-4e6a-b701-15218a40bcb1___Crnl_L.Mold 8760.JPG,Tomato_Leaf_Mold,3
Tomato_healthy/17cffb66-bb7f-433c-88b4-442c1f4e8cb4___RS_HL 9708.JPG,Tomato_healthy,0
Tomato_Early_blight/64fd8cac-b985-45c1-9a5d-5f2f49381047___RS_Erly.B 9494.JPG,Tomato_Early_blight,1
Tomato_Late_blight/a4cdb993-ba37-45c5-b845-ed5650516b39___GHLB2 Leaf 8878.JPG,Tomato_Late_blight,2
Tomato_healthy/f0cc7028-bf33-4ed4-8df0-7f1e80f42d15___GH_HL Leaf 266.JPG,Tomato_healthy,0
Tomato_healthy/59785876-4697-4cbe-881d-26133ccd21ec___RS_HL 9746.JPG,Tomato_healthy,0
Tomato_healthy/fb73cd43-aa32-4aba-978f-034c9c809c25___RS_HL 9749.JPG,Tomato_healthy,0
Tomato_Bacterial_spot/01d9fc8d-5083-468d-a583-885f33517cdd___GCREC_Bact.Sp 3422.JPG,Tomato_Bacterial_spot,4
Tomato_Leaf_Mold/2cd79cec-d3fd-48a0-a747-186659750725___Crnl_L.Mold 6972.JPG,Tomato_Leaf_Mold,3
Tomato_Late_blight/7725973d-b1dd-4da4-abc9-2cc0cc247485___GHLB_PS Leaf 23.3 Day 9.jpg,Tomato_Late_blight,2
Tomato_Leaf_Mold/51cc89e4-4693-4470-9ddb-2fff4ab8da50___Crnl_L.Mold 8694.JPG,Tomato_Leaf_Mold,3
Tomato_Bacterial_spot/c8875e15-728e-4c47-829f-c194fee60ae5___GCREC_Bact.Sp 3296.JPG,Tomato_Bacterial_spot,4
Tomato_Bacterial_spot/7e3bff88-4160-4ba5-bbe1-6c1eedb6c7c1___UF.GRC_BS_Lab Leaf 0858.JPG,Tomato_Bacterial_spot,4
Tomato_Leaf_Mold/70e4ee54-f85e-461b-a35b-e35deb567620___Crnl_L.Mold 6516.JPG,Tomato_Leaf_Mold,3
Tomato_Early_blight/023fe2d4-6e1d-40ce-99ae-85ba90f436ff___RS_Erly.B 6354.JPG,Tomato_Early_blight,1
Tomato_Late_blight/fbd28294-04c7-4f8a-8576-f523856c46d9___RS_Late.B 6640.JPG,Tomato_Late_blight,2
Tomato_Early_blight/71ec70cc-dfa7-4798-8970-80edfa6435f2___RS_Erly.B 7484.JPG,Tomato_Early_blight,1
Tomato_Early_blight/5bd6338a-0f10-457b-a7bd-69f2ee7c6504___RS_Erly.B 9534.JPG,Tomato_Early_blight,1
Tomato_Leaf_Mold/aac3fb74-6413-4f4b-ba38-82fe0f2f135d___Crnl_L.Mold 8942.JPG,Tomato_Leaf_Mold,3
Tomato_Early_blight/42a9a952-29d4-4a66-9dd9-65ebaac0db93___RS_Erly.B 7815.JPG,Tomato_Early_blight,1
Tomato_Early_blight/6a6f1594-62fa-487a-a51f-38b86e7483cf___RS_Erly.B 6360.JPG,Tomato_Early_blight,1
Tomato_Leaf_Mold/bb64a6b2-b479-4cff-a101-7d0d98ac62c9___Crnl_L.Mold 9183.JPG,Tomato_Leaf_Mold,3
Tomato_Bacterial_spot/f103eb02-d5b1-4601-8de4-674286ee8a6c___GCREC_Bact.Sp 6129.JPG,Tomato_Bacterial_spot,4
Tomato_Early_blight/75128610-8633-4000-8f74-17b6cff222d7___RS_Erly.B 6341.JPG,Tomato_Early_blight,1
Tomato_Leaf_Mold/4176b39b-a3b7-4611-b05b-b4020269bae3___Crnl_L.Mold 7115.JPG,Tomato_Leaf_Mold,3
Tomato_Leaf_Mold/6e230511-861d-4ae8-8212-374417841b4c___Crnl_L.Mold 8894.JPG,Tomato_Leaf_Mold,3
Tomato_healthy/d9756e4c-11ac-4c09-8a3c-4938d56bfc1e___RS_HL 0488.JPG,Tomato_healthy,0
Tomato_healthy/b923ed54-63ad-49f8-8881-ebd654c5821c___RS_HL 0359.JPG,Tomato_healthy,0
Tomato_Bacterial_spot/867065cd-2f2f-4937-8cf1-ac6aaa695fb6___GCREC_Bact.Sp 5918.JPG,Tomato_Bacterial_spot,4
Tomato_Early_blight/f8babb7d-af2d-495c-9d99-cf215c8c67af___RS_Erly.B 9462.JPG,Tomato_Early_blight,1
Tomato_Leaf_Mold/a4a9faea-5038-4fa7-b056-8eed57e56525___Crnl_L.Mold 7179.JPG,Tomato_Leaf_Mold,3
Tomato_Early_blight/7b377a4c-886c-46c5-8a57-a636cc47c9a8___RS_Erly.B 6475.JPG,Tomato_Early_blight,1
Tomato_Leaf_Mold/a05d577d-ebe7-44e3-9ac0-e6e742e34f1a___Crnl_L.Mold 9164.JPG,Tomato_Leaf_Mold,3
Tomato_Bacterial_spot/dda6fd98-f44f-41fd-9e60-bd9e32117d5d___UF.GRC_BS_Lab Leaf 8652.JPG,Tomato_Bacterial_spot,4
Tomato_Late_blight/7bf1decf-376a-4ee7-836e-23f60aee5d46___RS_Late.B 6179.JPG,Tomato_Late_blight,2
Tomato_Bacterial_spot/6489c93d-c44e-4c54-a4fc-2af319d1cba1___GCREC_Bact.Sp 6142.JPG,Tomato_Bacterial_spot,4
Tomato_Bacterial_spot/2fa6fe6b-a7dc-471e-a878-b8d8e0121126___GCREC_Bact.Sp 3159.JPG,Tomato_Bacterial_spot,4
Tomato_Late_blight/26a758e3-7804-4240-b1da-b6b6691355ca___RS_Late.B 4951.JPG,Tomato_Late_blight,2
Tomato_healthy/dd7d8e47-35f8-4c97-900b-f095694c38ed___GH_HL Leaf 313.JPG,Tomato_healthy,0
Tomato_Early_blight/8405be22-ecbb-4cec-a87d-e0d454b9926d___RS_Erly.B 7847.JPG,Tomato_Early_blight,1
Tomato_Late_blight/e2acf01a-92f6-47b2-bc21-e830899f9f0b___GHLB2 Leaf 95.2.JPG,Tomato_Late_blight,2
Tomato_Bacterial_spot/1917515d-7e2f-479c-afec-95b4d3ae07e8___GCREC_Bact.Sp 5607.JPG,Tomato_Bacterial_spot,4
Tomato_Leaf_Mold/cc42f7f9-ecbf-4adf-b1df-1307218aac13___Crnl_L.Mold 8710.JPG,Tomato_Leaf_Mold,3
Tomato_Early_blight/fe79c70c-0977-43f3-ad1b-3a1b4bceeceb___RS_Erly.B 7506.JPG,Tomato_Early_blight,1
Tomato_Leaf_Mold/502ece2c-0321-467d-ae3e-071a08f5794f___Crnl_L.Mold 9174.JPG,Tomato_Leaf_Mold,3
Tomato_Leaf_Mold/4cfebe0b-f6de-4114-b76c-57a06e3db769___Crnl_L.Mold 9085.JPG,Tomato_Leaf_Mold,3
Tomato_Early_blight/1bb0101c-d0a4-41a5-85b9-6e8634d01a36___RS_Erly.B 9585.JPG,Tomato_Early_blight,1
Tomato_Leaf_Mold/d998fc3d-1314-4f78-86b7-ca3bf205fe6a___Crnl_L.Mold 7168.JPG,Tomato_Leaf_Mold,3
Tomato_Bacterial_spot/e4e11751-2c64-491f-9aa3-26677932f65c___UF.GRC_BS_Lab Leaf 0636.JPG,Tomato_Bacterial_spot,4
Tomato_Leaf_Mold/c587613b-d130-4cc2-b9d6-6981b2c2f954___Crnl_L.Mold 6981.JPG,Tomato_Leaf_Mold,3
Tomato_Late_blight/4e1d7a08-a036-474f-8b4c-eef9d7c093fa___RS_Late.B 5043.JPG,Tomato_Late_blight,2
Tomato_healthy/6f6c7236-d6b5-4bbb-a89e-e1c8246550dd___RS_HL 0559.JPG,Tomato_healthy,0
Tomato_Leaf_Mold/146ceb05-4beb-4a1c-9ba5-233f9f1ff0fa___Crnl_L.Mold 6985.JPG,Tomato_Leaf_Mold,3
Tomato_healthy/bc21b9df-de42-4899-991c-065035815af4___RS_HL 0569.JPG,Tomato_healthy,0
Tomato_Bacterial_spot/a75edffc-d484-41ea-adb2-8808748a53db___GCREC_Bact.Sp 5608.JPG,Tomato_Bacterial_spot,4
Tomato_Early_blight/4c1481fd-12fa-4729-9de6-35c7fae918a5___RS_Erly.B 7430.JPG,Tomato_Early_blight,1
Tomato_healthy/647d15d1-5520-458d-92a4-bd647bbccb90___RS_HL 9934.JPG,Tomato_healthy,0
Tomato_Bacterial_spot/f2862b49-bab8-4d3e-abc3-0816c0f0010e___GCREC_Bact.Sp 6311.JPG,Tomato_Bacterial_spot,4
Tomato_healthy/7188d286-5201-40b6-925a-52af6e6c7c03___GH_HL Leaf 479.1.JPG,Tomato_healthy,0
Tomato_Early_blight/c03bec63-8b1d-42ef-90d5-5dff0c2455ea___RS_Erly.B 9555.JPG,Tomato_Early_blight,1
Tomato_Bacterial_spot/a07259f0-2125-49df-ab32-c058eebf17f2___UF.GRC_BS_Lab Leaf 0218.JPG,Tomato_Bacterial_spot,4
Tomato_Leaf_Mold/962f3d89-f439-46ee-b4bb-65409ee76fe1___Crnl_L.Mold 6914.JPG,Tomato_Leaf_Mold,3
Tomato_Early_blight/efb0d54f-53c7-4a6a-a194-2bd449799c8c___RS_Erly.B 7726.JPG,Tomato_Early_blight,1
Tomato_Early_blight/089243e5-f319-4ed2-b10c-603328ff4143___RS_Erly.B 9428.JPG,Tomato_Early_blight,1
Tomato_Late_blight/89996998-a74f-46f5-8e5f-790a66dbd652___GHLB2 Leaf 8826.JPG,Tomato_Late_blight,2
Tomato_Leaf_Mold/561e6144-f53b-477e-96ef-88deff234bc6___Crnl_L.Mold 6855.JPG,Tomato_Leaf_Mold,3
Tomato_Bacterial_spot/d7c6cfbf-059c-40b2-b920-8a1815c32374___GCREC_Bact.Sp 6063.JPG,Tomato_Bacterial_spot,4
Tomato_Early_blight/801a593c-82f7-4433-8c30-9defa319bdb7___RS_Erly.B 9609.JPG,Tomato_Early_blight,1
Tomato_Early_blight/203d84bc-4acc-4cad-b4f9-f659ae641876___RS_Erly.B 7615.JPG,Tomato_Early_blight,1
Tomato_Late_blight/a647b254-deb0-427d-89e4-05eedfeeffea___RS_Late.B 5106.JPG,Tomato_Late_blight,2
Tomato_healthy/a06cd500-b782-4be6-8f7a-377c9ed5ceab___RS_HL 9648.JPG,Tomato_healthy,0
Tomato_healthy/29289230-4809-46cd-ba98-77af06af3f32___RS_HL 9651.JPG,Tomato_healthy,0
Tomato_Bacterial_spot/7684341d-0c30-4bc4-98c5-e09a96483692___GCREC_Bact.Sp 5695.JPG,Tomato_Bacterial_spot,4
Tomato_Leaf_Mold/6e41b201-9283-4da4-b7b1-1f2b37716142___Crnl_L.Mold 6955.JPG,Tomato_Leaf_Mold,3
Tomato_Bacterial_spot/fdcb5a83-89e0-4d50-9460-28f36237e91d___GCREC_Bact.Sp 5742.JPG,Tomato_Bacterial_spot,4
Tomato_Early_blight/d98cdabc-9183-4829-aa46-d40538d25462___RS_Erly.B 7554.JPG,Tomato_Early_blight,1
Tomato_Leaf_Mold/6beda1f2-d01e-4693-b3c0-e544cf00954b___Crnl_L.Mold 6917.JPG,Tomato_Leaf_Mold,3
Tomato_Late_blight/7a08fe4d-cb32-4a4e-861e-249e582fb8c8___GHLB2 Leaf 8820.JPG,Tomato_Late_blight,2
Tomato_Late_blight/03f008be-5b97-4827-a2e2-88136b3c8714___RS_Late.B 6290.JPG,Tomato_Late_blight,2
Tomato_Late_blight/16064333-c2da-40e0-9f24-c709191e66b1___RS_Late.B 5421.JPG,Tomato_Late_blight,2
Tomato_Late_blight/73901132-ade5-4705-9760-c2adcb396cda___RS_Late.B 7065.JPG,Tomato_Late_blight,2
Tomato_Early_blight/dc4cc3e3-0181-48e9-93a2-7c019df0e04b___RS_Erly.B 9513.JPG,Tomato_Early_blight,1
Tomato_Bacterial_spot/71eeeb09-ce59-4b58-80a4-a01c4348a218___GCREC_Bact.Sp 3305.JPG,Tomato_Bacterial_spot,4
Tomato_Early_blight/f870ea24-aac9-41cd-92a3-72f87d395c33___RS_Erly.B 7598.JPG,Tomato_Early_blight,1
Tomato_Late_blight/a5f089d1-5a8e-4c1f-bcc2-c1154c28e824___GHLB2 Leaf 8926.JPG,Tomato_Late_blight,2
Tomato_healthy/23467438-6237-4b34-acde-80a3129e4b5d___GH_HL Leaf 187.JPG,Tomato_healthy,0
Tomato_Late_blight/0ccaeb36-37ff-4328-91c8-99aabd68f442___RS_Late.B 6596.JPG,Tomato_Late_blight,2
Tomato_healthy/025bc454-a051-42d2-b547-316f8cc3dc55___GH_HL Leaf 297.JPG,Tomato_healthy,0
Tomato_Bacterial_spot/2cd653bb-5ef1-4157-8d2c-bea2bbf2794b___GCREC_Bact.Sp 6375.JPG,Tomato_Bacterial_spot,4
Tomato_Early_blight/1d3d164e-43a9-4e0a-9e4f-9c9abab64d88___RS_Erly.B 7824.JPG,Tomato_Early_blight,1
Tomato_Late_blight/076b2ce4-1c8f-42a6-9f7d-b0be9c0a01cd___RS_Late.B 5108.JPG,Tomato_Late_blight,2
Tomato_Early_blight/5bbfc062-042e-4929-98ba-fd034a03092d___RS_Erly.B 7581.JPG,Tomato_Early_blight,1
Tomato_Late_blight/04ba0ca5-c52c-4bab-897b-2d38f7835a03___RS_Late.B 5631.JPG,Tomato_Late_blight,2
Tomato_healthy/4a0a9092-e70e-4a73-bb51-4d83b3c90a38___GH_HL Leaf 195.JPG,Tomato_healthy,0
Tomato_Late_blight/e2f784ec-10de-4556-8dea-47c9d2c4e791___GHLB2 Leaf 147.2.JPG,Tomato_Late_blight,2
Tomato_Early_blight/f79134d0-8c6a-43ad-ba78-9323f9a9f84f___RS_Erly.B 9427.JPG,Tomato_Early_blight,1
Tomato_healthy/316e62fa-d8a8-4451-80a8-a546c8c43511___RS_HL 9633.JPG,Tomato_healthy,0
Tomato_Early_blight/99baac4a-7079-4c68-b2bf-c9cf123ddffc___RS_Erly.B 7619.JPG,Tomato_Early_blight,1
Tomato_Bacterial_spot/605dda2d-be55-45cc-b247-76903d159255___UF.GRC_BS_Lab Leaf 8749.JPG,Tomato_Bacterial_spot,4
Tomato_healthy/f96987aa-d19d-415b-a68c-73a07a47d521___RS_HL 9736.JPG,Tomato_healthy,0
Tomato_Bacterial_spot/144352ee-0f8d-44cc-9db1-c4f27eb5a00a___GCREC_Bact.Sp 3284.JPG,Tomato_Bacterial_spot,4
Tomato_Leaf_Mold/c2fd7cad-271c-49cc-aa49-85ebf0d4fd8d___Crnl_L.Mold 6820.JPG,Tomato_Leaf_Mold,3
Tomato_Bacterial_spot/650a2408-9d62-4ebc-92ca-689e2612e248___GCREC_Bact.Sp 3325.JPG,Tomato_Bacterial_spot,4
Tomato_Late_blight/b62c8328-7089-4b43-b77e-20511356d04b___RS_Late.B 5490.JPG,Tomato_Late_blight,2
Tomato_Early_blight/654d7c11-664e-47c0-a6aa-c5c45a07e386___RS_Erly.B 7799.JPG,Tomato_Early_blight,1
Tomato_healthy/6be1ec13-6964-4706-b94a-069d4a8592cf___GH_HL Leaf 175.1.JPG,Tomato_healthy,0
Tomato_Early_blight/5b86ab6a-3823-4886-85fd-02190898563c___RS_Erly.B 8452.JPG,Tomato_Early_blight,1
Tomato_Late_blight/0b6caac4-cc62-4c46-9de4-1815a0aa6dbe___GHLB2 Leaf 8799.JPG,Tomato_Late_blight,2
Tomato_Bacterial_spot/615a9d50-74d8-4435-af2c-459d8f97e453___GCREC_Bact.Sp 5676.JPG,Tomato_Bacterial_spot,4
Tomato_healthy/daa4e664-5ec5-4349-b8de-0673cdfe374d___GH_HL Leaf 168.1.JPG,Tomato_healthy,0
Tomato_healthy/e336eb74-a19d-4461-871e-3124c5e0d047___RS_HL 0558.JPG,Tomato_healthy,0
Tomato_Leaf_Mold/36bed8e9-0b39-48f9-a8f7-d776469ce245___Crnl_L.Mold 8912.JPG,Tomato_Leaf_Mold,3
Tomato_Early_blight/5adb20df-006b-4a5d-a1c4-c8284eee9e20___RS_Erly.B 9484.JPG,Tomato_Early_blight,1
Tomato_Bacterial_spot/85a1cefe-dfd8-4f9a-b852-da2aba419be7___GCREC_Bact.Sp 5658.JPG,Tomato_Bacterial_spot,4
Tomato_Early_blight/bb843f3f-a4cd-4a42-94ff-152199d78895___RS_Erly.B 7381.JPG,Tomato_Early_blight,1
Tomato_Bacterial_spot/fd39fa01-b5c6-443d-a5f8-5e6edee2fdf8___GCREC_Bact.Sp 3154.JPG,Tomato_Bacterial_spot,4
Tomato_healthy/caa60224-1c60-455e-8b7c-e73626af84c1___GH_HL Leaf 214.JPG,Tomato_healthy,0
Tomato_Late_blight/20b33342-6c05-4cab-9008-6f09548a0db9___RS_Late.B 5128.JPG,Tomato_Late_blight,2
Tomato_Leaf_Mold/66e2cbf6-82f1-49b6-9f62-727cfadef50a___Crnl_L.Mold 8684.JPG,Tomato_Leaf_Mold,3
Tomato_healthy/49291f4a-e689-4a59-8f40-60ee9f1aac26___RS_HL 9820.JPG,Tomato_healthy,0
Tomato_Bacterial_spot/8e2b3e53-24b7-4817-a50f-c5e972b9ae83___GCREC_Bact.Sp 5856.JPG,Tomato_Bacterial_spot,4
Tomato_Bacterial_spot/7c46d515-2090-4371-a5c2-0af04544b5e6___GCREC_Bact.Sp 3513.JPG,Tomato_Bacterial_spot,4
Tomato_Leaf_Mold/355b3ad0-1d3b-49ea-80c8-3254a06a660c___Crnl_L.Mold 8968.JPG,Tomato_Leaf_Mold,3
Tomato_healthy/ffb39943-eabb-42cf-ad09-b17019e46d66___RS_HL 9871.JPG,Tomato_healthy,0
Tomato_Leaf_Mold/eca409c5-fd2b-4fab-9a54-4fad60a205d8___Crnl_L.Mold 8875.JPG,Tomato_Leaf_Mold,3
Tomato_Early_blight/f882f8cc-49bc-49f6-a6c0-fbffe60d81a0___RS_Erly.B 7672.JPG,Tomato_Early_blight,1
Tomato_Leaf_Mold/12319ec3-c990-4c68-8683-244f1f220c09___Crnl_L.Mold 9146.JPG,Tomato_Leaf_Mold,3
Tomato_Late_blight/40ad58d9-f6ab-4487-a150-e2da47f733f1___GHLB2 Leaf 8665.JPG,Tomato_Late_blight,2
Tomato_healthy/83fa8d6f-4c08-46bf-b4cf-7a33d4fe0031___GH_HL Leaf 180.JPG,Tomato_healthy,0
Tomato_Leaf_Mold/4797e35c-7ec7-4853-95d5-c9fa4b6c0be9___Crnl_L.Mold 9162.JPG,Tomato_Leaf_Mold,3
Tomato_Early_blight/d7f1e802-0b8e-4cba-88b4-e61328322cac___RS_Erly.B 8222.JPG,Tomato_Early_blight,1
Tomato_Bacterial_spot/1eb86f3d-7d18-41b8-b33c-807662b2d2df___GCREC_Bact.Sp 5555.JPG,Tomato_Bacterial_spot,4
Tomato_Bacterial_spot/dc577914-0602-4790-a2ab-5df9e0c581e8___GCREC_Bact.Sp 5760.JPG,Tomato_Bacterial_spot,4
Tomato_Bacterial_spot/0da838ea-fd8c-43c0-a437-4aba96234262___UF.GRC_BS_Lab Leaf 8770.JPG,Tomato_Bacterial_spot,4
Tomato_Bacterial_spot/88bf3dc8-0584-4132-af28-5f4848dbc450___GCREC_Bact.Sp 6397.JPG,Tomato_Bacterial_spot,4
Tomato_Late_blight/92a458d9-e19a-4080-a7fe-ec6c83af7c0c___GHLB2 Leaf 8730.JPG,Tomato_Late_blight,2
Tomato_Leaf_Mold/c08002a0-531c-46b0-b580-e9419eac30af___Crnl_L.Mold 6518.JPG,Tomato_Leaf_Mold,3
Tomato_Bacterial_spot/47a3c2c9-1f3b-4d42-8857-cfc714042c2a___UF.GRC_BS_Lab Leaf 8631.JPG,Tomato_Bacterial_spot,4
Tomato_Late_blight/4462526f-af54-4342-8f7d-56f5a6052e9b___GHLB2 Leaf 111.1.JPG,Tomato_Late_blight,2
Tomato_Early_blight/2f6115d3-4997-4174-aa6a-9025c654e81f___RS_Erly.B 9374.JPG,Tomato_Early_blight,1
Tomato_healthy/d673db62-484e-49d3-baca-0ffc0d2ba8f5___RS_HL 0230.JPG,Tomato_healthy,0
Tomato_Leaf_Mold/55aaf81e-1a23-419c-9b20-a24f5ab5e0ec___Crnl_L.Mold 6549.JPG,Tomato_Leaf_Mold,3
Tomato_Early_blight/66eef337-720e-4166-a1d0-a9d3ce7f96f3___RS_Erly.B 6422.JPG,Tomato_Early_blight,1
Tomato_Bacterial_spot/891189aa-f345-470c-91ad-509bae4bf611___GCREC_Bact.Sp 3277.JPG,Tomato_Bacterial_spot,4
Tomato_Bacterial_spot/fb25aff6-5c78-42d9-b9af-9181811ac18b___GCREC_Bact.Sp 5788.JPG,Tomato_Bacterial_spot,4
Tomato_Early_blight/a2da7455-c116-4d02-b506-89183f817d78___RS_Erly.B 9371.JPG,Tomato_Early_blight,1
Tomato_Late_blight/59cf2a70-1658-4f1d-b35c-dfe02630a28a___GHLB2 Leaf 8938.JPG,Tomato_Late_blight,2
Tomato_Bacterial_spot/8c5c248e-4262-407b-9933-4e08018433ea___GCREC_Bact.Sp 3140.JPG,Tomato_Bacterial_spot,4
Tomato_Late_blight/f9bae5e8-64d9-4a34-9269-b4d97d095b47___RS_Late.B 4861.JPG,Tomato_Late_blight,2
Tomato_Bacterial_spot/c4d2f661-56fd-4c84-9a51-03e4f806f085___UF.GRC_BS_Lab Leaf 0684.JPG,Tomato_Bacterial_spot,4
Tomato_Leaf_Mold/c9cede12-c244-4133-ab64-c801497a8da5___Crnl_L.Mold 8823.JPG,Tomato_Leaf_Mold,3
Tomato_Leaf_Mold/d33d8470-d090-474b-8c16-cd5e88d40f51___Crnl_L.Mold 6998.JPG,Tomato_Leaf_Mold,3
Tomato_Late_blight/4bf424a2-b275-4ac0-968c-fe229136f10d___GHLB_PS Leaf 2.5 Day 16.jpg,Tomato_Late_blight,2
Tomato_healthy/53471454-9f9a-4182-91a3-c2c6c1268c56___RS_HL 0209.JPG,Tomato_healthy,0
Tomato_Early_blight/2179421c-3ce3-4581-8b65-17da6fffd3db___RS_Erly.B 7730.JPG,Tomato_Early_blight,1
Tomato_Late_blight/ebc97633-07ff-405a-b186-18b8aa607b9d___GHLB2 Leaf 8635.JPG,Tomato_Late_blight,2
Tomato_Late_blight/f8afeeda-7bed-422b-8535-67e221372eb7___RS_Late.B 5315.JPG,Tomato_Late_blight,2
Tomato_Leaf_Mold/bb3b17dd-b745-4706-8e03-ff2660d77c23___Crnl_L.Mold 6512.JPG,Tomato_Leaf_Mold,3
Tomato_healthy/fc1e8e1c-5939-4ad9-b87e-2cbb77cef418___RS_HL 0536.JPG,Tomato_healthy,0
Tomato_Late_blight/8db4bafa-489e-42ff-ad14-98cb9af8e733___RS_Late.B 5397.JPG,Tomato_Late_blight,2
Tomato_Bacterial_spot/2e44b9e9-05f3-4465-9747-b90a5ea44579___UF.GRC_BS_Lab Leaf 0224.JPG,Tomato_Bacterial_spot,4
Tomato_Bacterial_spot/d43111af-cbb9-47ee-be8e-9ce663146371___GCREC_Bact.Sp 6264.JPG,Tomato_Bacterial_spot,4
Tomato_Late_blight/989d984b-eaef-4ae1-a850-c2ae65961bdf___GHLB2 Leaf 9026.JPG,Tomato_Late_blight,2
Tomato_Leaf_Mold/aebbbb7e-2fd6-4f36-8c81-9c3f83389c5d___Crnl_L.Mold 6802.JPG,Tomato_Leaf_Mold,3
Tomato_Early_blight/0abc57ec-7f3b-482a-8579-21f3b2fb780b___RS_Erly.B 7609.JPG,Tomato_Early_blight,1
Tomato_Bacterial_spot/4192f50c-fc75-4581-aac4-30470889bfcf___GCREC_Bact.Sp 3438.JPG,Tomato_Bacterial_spot,4
Tomato_Early_blight/8d70db5b-7916-4397-836d-6a73a2faaead___RS_Erly.B 6330.JPG,Tomato_Early_blight,1
Tomato_healthy/34a5aaa7-f50f-4b19-8a92-78ad697f6865___GH_HL Leaf 407.1.JPG,Tomato_healthy,0
Tomato_healthy/83eb200d-ef9d-4b98-b4c1-58b7f0b169e4___RS_HL 0421.JPG,Tomato_healthy,0
Tomato_Early_blight/0e2abcfb-e62b-4c61-a24a-0800cad904a8___RS_Erly.B 7382.JPG,Tomato_Early_blight,1
Tomato_healthy/31e58e07-386c-4915-aa37-8ce39ee29ce9___RS_HL 9949.JPG,Tomato_healthy,0
Tomato_Bacterial_spot/9f3bb55d-b52d-4be3-b89b-e7c8cbe8e131___GCREC_Bact.Sp 3112.JPG,Tomato_Bacterial_spot,4
Tomato_Early_blight/6873f362-d13b-41f7-a44d-da51875e46f1___RS_Erly.B 9436.JPG,Tomato_Early_blight,1
Tomato_Early_blight/9f77a006-11c0-4466-bdb3-9273b299450d___RS_Erly.B 7800.JPG,Tomato_Early_blight,1
Tomato_Bacterial_spot/dfc16b5b-67c4-4725-982f-c7282f514b38___GCREC_Bact.Sp 3100.JPG,Tomato_Bacterial_spot,4
Tomato_Bacterial_spot/9bfadeb9-dc2c-45fb-b687-7ae6f3dcc906___UF.GRC_BS_Lab Leaf 8789.JPG,Tomato_Bacterial_spot,4
Tomato_Late_blight/b984cd6b-35cc-4f3d-824f-b663d08cae6b___GHLB2 Leaf 57.JPG,Tomato_Late_blight,2
Tomato_Late_blight/3fb24ffc-0f4f-4990-99e9-d8170fc9f6cc___GHLB2 Leaf 131.2.JPG,Tomato_Late_blight,2
Tomato_healthy/a424fe57-c3ff-400e-ac88-000ca1781300___RS_HL 9802.JPG,Tomato_healthy,0
Tomato_Late_blight/f3e53136-750b-4394-96fe-0cd8c2f747bc___GHLB2 Leaf 8661.JPG,Tomato_Late_blight,2
Tomato_Early_blight/e7d248e4-a5e5-431f-9061-6383c14d8526___RS_Erly.B 7426.JPG,Tomato_Early_blight,1
Tomato_Late_blight/688d69ca-59a6-4713-b18a-ce7c04ea001e___GHLB2 Leaf 8754.JPG,Tomato_Late_blight,2
Tomato_healthy/a3ebf7f9-543d-4df9-a09f-013ef8dd7760___RS_HL 9662.JPG,Tomato_healthy,0
Tomato_Bacterial_spot/fb636130-5e9f-4a7b-b6f6-590e0808bfe6___UF.GRC_BS_Lab Leaf 0890.JPG,Tomato_Bacterial_spot,4
Tomato_Leaf_Mold/27e8bb41-97a2-44b7-95e2-fd3b2e99f317___Crnl_L.Mold 7064.JPG,Tomato_Leaf_Mold,3
Tomato_Late_blight/81dc45ec-9ce3-4887-90b5-b091276a9245___RS_Late.B 4957.JPG,Tomato_Late_blight,2
Tomato_Leaf_Mold/d6441d7c-be78-420d-b202-1298cd5b94e9___Crnl_L.Mold 6571.JPG,Tomato_Leaf_Mold,3
Tomato_healthy/c30a18fe-8a24-4f0e-9c33-ed8632eead8e___RS_HL 9965.JPG,Tomato_healthy,0
Tomato_Early_blight/b037f266-a24e-4f2c-9115-cf2eadd17293___RS_Erly.B 8214.JPG,Tomato_Early_blight,1
Tomato_Leaf_Mold/c7a3f599-36dc-40e2-8efc-d0e0568666a7___Crnl_L.Mold 6983.JPG,Tomato_Leaf_Mold,3
Tomato_healthy/50c710e2-ad13-4b3a-a829-65d51ead21ff___GH_HL Leaf 269.JPG,Tomato_healthy,0
Tomato_Bacterial_spot/a9f9ac3b-84be-4356-9a00-12beaea27593___GCREC_Bact.Sp 3638.JPG,Tomato_Bacterial_spot,4
Tomato_Leaf_Mold/d8466889-2874-44fd-b6e1-128c328d5b84___Crnl_L.Mold 8661.JPG,Tomato_Leaf_Mold,3
Tomato_Late_blight/86a7b7d2-8783-4622-84d7-a4a420ee10ba___RS_Late.B 6546.JPG,Tomato_Late_blight,2
Tomato_Early_blight/313ff9e3-e43c-45b6-9879-b76a1e040eef___RS_Erly.B 8454.JPG,Tomato_Early_blight,1
Tomato_healthy/4184da3b-ccbd-4880-9aa7-dbb868a7f571___GH_HL Leaf 355.JPG,Tomato_healthy,0
Tomato_Leaf_Mold/35343df4-2017-47f9-a5ef-d08bd52dfd7c___Crnl_L.Mold 8827.JPG,Tomato_Leaf_Mold,3
Tomato_healthy/9f959699-166c-4ac9-ba4a-a9e7d0c9e03b___RS_HL 0143.JPG,Tomato_healthy,0
Tomato_Leaf_Mold/a5639de3-303c-4066-b3a0-a72aa73ef818___Crnl_L.Mold 6740.JPG,Tomato_Leaf_Mold,3
Tomato_healthy/9a5d3900-8707-4088-8ec0-1fad45d8bd11___GH_HL Leaf 339.JPG,Tomato_healthy,0
Tomato_Late_blight/6815e363-5221-44e2-a5a4-c1b82eb5a4aa___GHLB2 Leaf 9103.JPG,Tomato_Late_blight,2
Tomato_Early_blight/0208ed52-1b28-4c9c-88e3-4667581e1109___RS_Erly.B 7829.JPG,Tomato_Early_blight,1
Tomato_healthy/0d3691ab-5413-4313-870e-9e5d2faf33ea___RS_HL 9958.JPG,Tomato_healthy,0
Tomato_Late_blight/f2581062-48ef-4957-bab3-9beb606ff3ef___RS_Late.B 6291.JPG,Tomato_Late_blight,2
Tomato_Early_blight/b3129245-a3b0-4451-a213-b15fe08734b7___RS_Erly.B 9423.JPG,Tomato_Early_blight,1
Tomato_healthy/062c4b5a-59d7-4bc8-a1d0-abdeb6fc9c0e___RS_HL 0295.JPG,Tomato_healthy,0
Tomato_Leaf_Mold/be2680f9-cdba-44e5-8834-7bc5b615a0ea___Crnl_L.Mold 7158.JPG,Tomato_Leaf_Mold,3
Tomato_Late_blight/e23b8722-9058-4a6c-8e8e-f95904497eeb___RS_Late.B 5426.JPG,Tomato_Late_blight,2
Tomato_Leaf_Mold/80b652e5-7f1f-4806-8d9d-550ce54891ce___Crnl_L.Mold 7090.JPG,Tomato_Leaf_Mold,3
Tomato_Leaf_Mold/d159f020-15f7-45c5-9808-a8ef0e5914f5___Crnl_L.Mold 9105.JPG,Tomato_Leaf_Mold,3
Tomato_healthy/71967e69-6356-49c1-81ce-624792b4d964___GH_HL Leaf 315.1.JPG,Tomato_healthy,0
Tomato_Late_blight/0db85707-41f9-42df-ba3b-842d14f00a68___GHLB2 Leaf 8909.JPG,Tomato_Late_blight,2
Tomato_Bacterial_spot/2fd17140-f483-4f98-9d08-fc9e57b355e1___GCREC_Bact.Sp 6269.JPG,Tomato_Bacterial_spot,4
Tomato_healthy/958b8eb8-7004-434a-ad02-e62ff64dded0___RS_HL 0276.JPG,Tomato_healthy,0
Tomato_Early_blight/f7357222-4e77-4c46-a0ff-a17e165a70ff___RS_Erly.B 9619.JPG,Tomato_Early_blight,1
Tomato_healthy/1421f343-ba3a-424c-ac71-b5eb9ac26c10___GH_HL Leaf 201.JPG,Tomato_healthy,0
Tomato_Leaf_Mold/1146e92b-d6b2-4a19-ac54-32141d680f41___Crnl_L.Mold 6725.JPG,Tomato_Leaf_Mold,3
Tomato_Late_blight/8f0a83b5-357c-4fc3-ba27-58303fa29bde___GHLB2 Leaf 8875.JPG,Tomato_Late_blight,2
Tomato_Early_blight/5a50d734-271b-43f8-991f-b6e6f264b686___RS_Erly.B 6488.JPG,Tomato_Early_blight,1
Tomato_Bacterial_spot/eea69188-8c51-4d11-9e2d-4aec3e91a078___UF.GRC_BS_Lab Leaf 8912.JPG,Tomato_Bacterial_spot,4
Tomato_Early_blight/5870b25f-914c-4dae-aaf5-88d48cb90803___RS_Erly.B 7774.JPG,Tomato_Early_blight,1
Tomato_Late_blight/dd8c1f50-0407-4011-8dea-a8d0e6c7dbf1___RS_Late.B 6725.JPG,Tomato_Late_blight,2
Tomato_Early_blight/28d03063-a772-4136-80fd-3bbff0fffa41___RS_Erly.B 7370.JPG,Tomato_Early_blight,1
Tomato_Late_blight/956e56f5-7dcf-49be-8283-e560d7368c9a___RS_Late.B 6487.JPG,Tomato_Late_blight,2
Tomato_Early_blight/fb3352cc-9189-4214-8b94-a60c6a392c96___RS_Erly.B 9600.JPG,Tomato_Early_blight,1
Tomato_Early_blight/d368153c-6779-4a7e-a82d-9ae10dd36bb2___RS_Erly.B 7678.JPG,Tomato_Early_blight,1
Tomato_Late_blight/4bc2b44a-865c-4006-aa3d-fbd4bd2de695___RS_Late.B 5123.JPG,Tomato_Late_blight,2
Tomato_Bacterial_spot/f5ac235b-3d9c-46a8-9e0a-750423e067bb___GCREC_Bact.Sp 6291.JPG,Tomato_Bacterial_spot,4
Tomato_Late_blight/231e8502-72a3-4717-9ab7-919d02f6be1b___GHLB_PS Leaf 27.4 Day 13.jpg,Tomato_Late_blight,2
Tomato_healthy/95973ed9-f9a8-4c71-b232-432f61020fe3___GH_HL Leaf 412.JPG,Tomato_healthy,0
Tomato_Late_blight/badd718d-0a43-411b-889c-d46a01834dba___RS_Late.B 5547.JPG,Tomato_Late_blight,2
Tomato_Leaf_Mold/6fd472fe-cc75-4762-a3fa-2428649907c8___Crnl_L.Mold 7156.JPG,Tomato_Leaf_Mold,3
Tomato_healthy/6aed746b-e45b-40d6-addb-71bdd0456618___RS_HL 0638.JPG,Tomato_healthy,0
Tomato_Bacterial_spot/cc4ae662-c07c-4aae-8868-f4711ae5d158___GCREC_Bact.Sp 3852.JPG,Tomato_Bacterial_spot,4
Tomato_Leaf_Mold/4c7e93da-6c5a-4423-89f3-db15242fd53a___Crnl_L.Mold 8703.JPG,Tomato_Leaf_Mold,3
Tomato_healthy/9721c76f-52cc-4a63-a465-4cc32974806c___GH_HL Leaf 431.1.JPG,Tomato_healthy,0
Tomato_Bacterial_spot/431d6abc-9adb-4454-a3c6-e6b6a3ec79db___GCREC_Bact.Sp 6045.JPG,Tomato_Bacterial_spot,4
Tomato_Late_blight/8e89b070-c8f0-47f5-a7c4-e28a92e0454b___GHLB2 Leaf 9097.JPG,Tomato_Late_blight,2
Tomato_healthy/3be4b3ce-9fc7-4216-98f0-abd0faa9e45c___RS_HL 9945.JPG,Tomato_healthy,0
Tomato_Early_blight/cf2919ca-2b62-4f23-8a55-5dfa953db83c___RS_Erly.B 7352.JPG,Tomato_Early_blight,1
Tomato_Early_blight/748ed7a9-9044-49d2-943d-8c82a1763c55___RS_Erly.B 8230.JPG,Tomato_Early_blight,1
Tomato_Late_blight/bd5a4716-1cf0-46d3-a905-320e4d84d34a___RS_Late.B 6199.JPG,Tomato_Late_blight,2
Tomato_Bacterial_spot/19a19d0b-373f-497a-89bf-ea941ff5e12b___GCREC_Bact.Sp 3124.JPG,Tomato_Bacterial_spot,4
Tomato_Leaf_Mold/a6308326-2fcb-4690-aec2-2e0b4f21efd6___Crnl_L.Mold 8817.JPG,Tomato_Leaf_Mold,3
Tomato_Leaf_Mold/c3bd29d2-8770-4897-8554-ccba8fcc387e___Crnl_L.Mold 7154.JPG,Tomato_Leaf_Mold,3
Tomato_healthy/adeea527-67a9-4426-8b18-221fe085fe87___RS_HL 0008.JPG,Tomato_healthy,0
Tomato_healthy/8edbb3bf-ae44-4870-9c39-cd33fd088a55___RS_HL 0429.JPG,Tomato_healthy,0
Tomato_Early_blight/849f111e-9886-436e-b2ce-060a011cab43___RS_Erly.B 7359.JPG,Tomato_Early_blight,1
Tomato_Leaf_Mold/9b961aee-be12-4ae3-ac91-a896d4c00cf7___Crnl_L.Mold 6941.JPG,Tomato_Leaf_Mold,3
Tomato_Bacterial_spot/1ade5ae9-2b62-4d53-86ae-fee9d3d9a7e9___UF.GRC_BS_Lab Leaf 0777.JPG,Tomato_Bacterial_spot,4
Tomato_Bacterial_spot/78c90a7a-a37f-44fa-bc11-38c1823a7af1___GCREC_Bact.Sp 6145.JPG,Tomato_Bacterial_spot,4
Tomato_Bacterial_spot/e87962ec-4dae-4c6c-8233-620e40acf137___GCREC_Bact.Sp 3160.JPG,Tomato_Bacterial_spot,4
Tomato_Bacterial_spot/463b2ce4-28ac-416d-9a43-2e494e649fbf___GCREC_Bact.Sp 6146.JPG,Tomato_Bacterial_spot,4
Tomato_healthy/f81def4f-22a7-4036-bfab-51b245f4a2ab___RS_HL 0055.JPG,Tomato_healthy,0
Tomato_Late_blight/f5538cfb-7556-4f4d-a680-6a15cc6283ab___RS_Late.B 4962.JPG,Tomato_Late_blight,2
Tomato_Bacterial_spot/dc206acc-605b-4a85-a35b-44ce62f0ea7e___GCREC_Bact.Sp 6055.JPG,Tomato_Bacterial_spot,4
Tomato_Bacterial_spot/40c4a7ad-c8f9-4a58-986c-7de59a3189a8___GCREC_Bact.Sp 3415.JPG,Tomato_Bacterial_spot,4
Tomato_Leaf_Mold/9bc3f5d2-a34c-45b1-9c8e-970c6c0e688b___Crnl_L.Mold 8971.JPG,Tomato_Leaf_Mold,3
Tomato_Leaf_Mold/eeb1fcab-1278-4c23-bef4-2b54ec75f651___Crnl_L.Mold 9158.JPG,Tomato_Leaf_Mold,3
Tomato_Early_blight/b7b39e7d-16ca-4b55-9b3a-9bd68b746055___RS_Erly.B 7386.JPG,Tomato_Early_blight,1
Tomato_Leaf_Mold/d9fdbaad-4cf2-4214-bd39-5f640f517260___Crnl_L.Mold 7051.JPG,Tomato_Leaf_Mold,3
Tomato_healthy/5ecf00da-161c-4e2f-a525-b9223adce0b6___GH_HL Leaf 252.1.JPG,Tomato_healthy,0
Tomato_Bacterial_spot/8c780548-b142-4d08-b98d-22492ef5cc4f___UF.GRC_BS_Lab Leaf 8972.JPG,Tomato_Bacterial_spot,4
Tomato_Leaf_Mold/d47ea382-40cb-4126-a2bc-6578c30f9b78___Crnl_L.Mold 6801.JPG,Tomato_Leaf_Mold,3
Tomato_Leaf_Mold/416808ef-060a-4c7c-9e0c-1dc72996ab48___Crnl_L.Mold 8978.JPG,Tomato_Leaf_Mold,3
Tomato_healthy/1bd9f661-9b9c-4faf-80ab-86a8a64a8bc2___RS_HL 0271.JPG,Tomato_healthy,0
Tomato_Bacterial_spot/443242bf-ad63-440d-89bd-cb11c2fc1e51___UF.GRC_BS_Lab Leaf 0874.JPG,Tomato_Bacterial_spot,4
Tomato_healthy/4de74e9a-e32a-467a-b6fd-512a16a09d22___GH_HL Leaf 329.JPG,Tomato_healthy,0
Tomato_Late_blight/81425428-d995-492c-80ba-c28564d8f317___RS_Late.B 6265.JPG,Tomato_Late_blight,2
Tomato_Late_blight/06471eca-3cac-4cc9-afc3-1841af0ba672___GHLB2 Leaf 8893.JPG,Tomato_Late_blight,2
Tomato_Early_blight/20459a26-c07a-4592-baf8-6d4172c23cec___RS_Erly.B 8358.JPG,Tomato_Early_blight,1
Tomato_healthy/4ce6844e-2a92-47aa-9115-0eb1a9a0611c___GH_HL Leaf 464.1.JPG,Tomato_healthy,0
Tomato_Late_blight/bbe6db0b-868d-4ca4-b8c7-f274b89dd9c8___GHLB2 Leaf 68.1.JPG,Tomato_Late_blight,2
Tomato_healthy/1dae303e-6545-4c87-8c95-8805108f5282___RS_HL 0437.JPG,Tomato_healthy,0
Tomato_Bacterial_spot/5125393a-d835-478f-acf2-d40bfa421d5b___UF.GRC_BS_Lab Leaf 0458.JPG,Tomato_Bacterial_spot,4
Tomato_Bacterial_spot/8eaf0808-40a2-40a0-987d-793b5cbab81f___GCREC_Bact.Sp 3585.JPG,Tomato_Bacterial_spot,4
Tomato_Early_blight/cfe67544-6d8c-48e5-af01-51732c571cb5___RS_Erly.B 8291.JPG,Tomato_Early_blight,1
Tomato_Leaf_Mold/661a456b-bd86-4c75-951f-0accf26ea4aa___Crnl_L.Mold 8955.JPG,Tomato_Leaf_Mold,3
Tomato_Early_blight/a278a40a-bb25-4210-b646-2d232245851a___RS_Erly.B 7719.JPG,Tomato_Early_blight,1
Tomato_Bacterial_spot/32e1f705-4c4f-4b6b-9160-08fc84ac6149___UF.GRC_BS_Lab Leaf 0961.JPG,Tomato_Bacterial_spot,4
Tomato_Bacterial_spot/0f3160b6-4cd4-486f-b0cf-269e406c41b5___GCREC_Bact.Sp 3522.JPG,Tomato_Bacterial_spot,4
Tomato_Early_blight/d934ba74-0149-457f-b5e7-c11d595f285e___RS_Erly.B 7365.JPG,Tomato_Early_blight,1
Tomato_healthy/1d10291e-a1ce-4309-b6a4-d034319e3875___GH_HL Leaf 251.1.JPG,Tomato_healthy,0
Tomato_Leaf_Mold/9a1244ad-a278-41bb-99e7-f7d2fcff0b98___Crnl_L.Mold 7029.JPG,Tomato_Leaf_Mold,3
Tomato_healthy/236971d6-725b-4685-9336-550dd522d62a___RS_HL 0640.JPG,Tomato_healthy,0
Tomato_Late_blight/8dff4125-96c2-44fc-bd3f-734fa57621ba___RS_Late.B 5025.JPG,Tomato_Late_blight,2
Tomato_Late_blight/674de9c3-1e13-46e2-9d5d-f75f97cff552___GHLB_PS Leaf 1 Day 18.jpg,Tomato_Late_blight,2
Tomato_Late_blight/94531b7b-15e2-4cd3-b6c2-cb3df21c9848___GHLB2 Leaf 8559.JPG,Tomato_Late_blight,2
Tomato_healthy/12f2989a-82c7-41d1-ae23-93a6e85bfd57___RS_HL 9798.JPG,Tomato_healthy,0
Tomato_Bacterial_spot/d5291fc4-6702-407a-a09f-1c8e2e7455fc___GCREC_Bact.Sp 5642.JPG,Tomato_Bacterial_spot,4
Tomato_Bacterial_spot/8dabe407-48fd-4cd2-9210-0dffdf259cb3___GCREC_Bact.Sp 3549.JPG,Tomato_Bacterial_spot,4
Tomato_Leaf_Mold/544d95c7-34a8-442b-8471-3071612ec4ae___Crnl_L.Mold 8881.JPG,Tomato_Leaf_Mold,3
Tomato_Late_blight/31ba9bec-b1f2-49ee-b531-df197dc83ac5___GHLB2 Leaf 116.JPG,Tomato_Late_blight,2
Tomato_Late_blight/2d649ade-8085-44b7-ba6c-ec5d70f1d051___RS_Late.B 5604.JPG,Tomato_Late_blight,2
Tomato_Leaf_Mold/450b736f-8e2d-46e0-be60-6481f37d8612___Crnl_L.Mold 6882.JPG,Tomato_Leaf_Mold,3
Tomato_Leaf_Mold/7f3398ef-a359-4ec4-b295-998c2851dea3___Crnl_L.Mold 6585.JPG,Tomato_Leaf_Mold,3
Tomato_Leaf_Mold/4152fc15-f9d5-4928-b177-b993db007110___Crnl_L.Mold 8876.JPG,Tomato_Leaf_Mold,3
Tomato_healthy/c8ecc9a2-c12b-4350-8b3f-451c85d8e08b___RS_HL 0400.JPG,Tomato_healthy,0
Tomato_Bacterial_spot/b0ffcaa8-a798-4904-bceb-518fc36aec43___GCREC_Bact.Sp 6327.JPG,Tomato_Bacterial_spot,4
Tomato_Early_blight/df9e0c7e-59cb-4a87-abbd-66f0f78e5130___RS_Erly.B 8275.JPG,Tomato_Early_blight,1
Tomato_Bacterial_spot/7ff1454d-b742-412f-a99c-1c2a8287decb___UF.GRC_BS_Lab Leaf 1132.JPG,Tomato_Bacterial_spot,4
Tomato_Early_blight/fbb02290-8863-482f-b898-0ea83a2b2fee___RS_Erly.B 9592.JPG,Tomato_Early_blight,1
Tomato_healthy/e1436a17-dca7-4687-a0ec-31a28389063e___RS_HL 0529.JPG,Tomato_healthy,0
Tomato_Late_blight/e3df7441-295f-4a70-833c-4127b5b738d5___GHLB2 Leaf 8760.JPG,Tomato_Late_blight,2
Tomato_Late_blight/434242f4-5988-41b8-9ab3-375b76b31766___RS_Late.B 6497.JPG,Tomato_Late_blight,2
Tomato_Bacterial_spot/624af462-6321-42a3-a79e-52cedc26a10e___GCREC_Bact.Sp 3764.JPG,Tomato_Bacterial_spot,4
Tomato_Early_blight/acc5fb41-7b03-44c2-8167-47346b97791a___RS_Erly.B 8320.JPG,Tomato_Early_blight,1
Tomato_healthy/4ce3098b-aad2-4e5b-8f3b-fd827cad2c0b___RS_HL 0026.JPG,Tomato_healthy,0
Tomato_Early_blight/52082b15-4350-415a-be8c-bb0e0fc3ab88___RS_Erly.B 6332.JPG,Tomato_Early_blight,1
Tomato_Late_blight/15581dd8-f562-4301-856c-30be9302c470___GHLB2 Leaf 70.1.JPG,Tomato_Late_blight,2
Tomato_healthy/4ae80701-db36-4003-a20c-925d66bdfb68___RS_HL 0602.JPG,Tomato_healthy,0
Tomato_healthy/a6e38349-62a4-43e6-bf92-84bc17e6d8eb___GH_HL Leaf 485.1.JPG,Tomato_healthy,0
Tomato_Bacterial_spot/cb7d65bc-ae67-4686-94ce-f3fdcfc53149___UF.GRC_BS_Lab Leaf 8738.JPG,Tomato_Bacterial_spot,4
Tomato_healthy/8e4af6b9-0f8a-48ad-ade6-4e1fff6d4bbf___RS_HL 0606.JPG,Tomato_healthy,0
Tomato_healthy/cdfeddb6-3064-48dc-bac9-05441dedc74e___RS_HL 0323.JPG,Tomato_healthy,0
Tomato_Bacterial_spot/4b4c4e5c-9cdf-4f0b-8045-7f2ebb3e8a1f___GCREC_Bact.Sp 5923.JPG,Tomato_Bacterial_spot,4
Tomato_Leaf_Mold/3ce9d22c-6118-48f6-a37b-0b5ad5711048___Crnl_L.Mold 9086.JPG,Tomato_Leaf_Mold,3
Tomato_Late_blight/0c73c79f-a384-4729-83c7-72c9b04da20c___GHLB2 Leaf 8927.JPG,Tomato_Late_blight,2
Tomato_healthy/22e8c73b-41bf-4974-a244-d79730bcc5b1___RS_HL 0628.JPG,Tomato_healthy,0
Tomato_Early_blight/1cebc4a1-5fb6-4168-8e18-e2973ef6d18f___RS_Erly.B 9552.JPG,Tomato_Early_blight,1
Tomato_Late_blight/a6876e29-dc0f-4716-bd3c-eedc9f45cf70___GHLB_PS Leaf 41 Day 18.jpg,Tomato_Late_blight,2
Tomato_Early_blight/0efaac13-1988-48db-aec3-f31df3045b95___RS_Erly.B 8342.JPG,Tomato_Early_blight,1
Tomato_Leaf_Mold/13fa2773-ccce-4f1d-85cd-e5cb2c3b6c72___Crnl_L.Mold 8996.JPG,Tomato_Leaf_Mold,3
Tomato_Bacterial_spot/41128d1d-2a43-4c08-a100-c92c2fc8b9b0___GCREC_Bact.Sp 3413.JPG,Tomato_Bacterial_spot,4
Tomato_healthy/cfd491d6-4af5-4728-8f0e-0d330a07174a___GH_HL Leaf 482.2.JPG,Tomato_healthy,0
Tomato_Bacterial_spot/81581795-ff9e-4e07-9135-e421e03d96e9___GCREC_Bact.Sp 5652.JPG,Tomato_Bacterial_spot,4
Tomato_Bacterial_spot/538b69f4-6f98-4bd6-8da7-8f8448c8731b___GCREC_Bact.Sp 5775.JPG,Tomato_Bacterial_spot,4
Tomato_Late_blight/534d2c9b-34ad-4786-b2dd-fd73c8e4d005___GHLB2 Leaf 8852.JPG,Tomato_Late_blight,2
Tomato_Early_blight/28d9f1bd-ee80-46e1-b89c-5a855f0c8400___RS_Erly.B 7818.JPG,Tomato_Early_blight,1
Tomato_healthy/32de8c50-e831-456a-b46b-352a58c129cc___RS_HL 0007.JPG,Tomato_healthy,0
Tomato_Bacterial_spot/ea4ddb4b-216a-4ec2-85bc-06314c7de145___GCREC_Bact.Sp 3022.JPG,Tomato_Bacterial_spot,4
Tomato_Bacterial_spot/58e691ec-b8e5-4845-8de1-4254a7d9f62c___GCREC_Bact.Sp 3450.JPG,Tomato_Bacterial_spot,4
Tomato_Bacterial_spot/638774fe-d7e6-4920-a8d9-e39b9c308474___GCREC_Bact.Sp 5806.JPG,Tomato_Bacterial_spot,4
Tomato_Bacterial_spot/bea52a18-00de-4080-b460-4cf34c3c8688___GCREC_Bact.Sp 3499.JPG,Tomato_Bacterial_spot,4
Tomato_healthy/2d66100e-9a61-412b-95da-2b852de7a447___RS_HL 9950.JPG,Tomato_healthy,0
Tomato_Bacterial_spot/0f1d337f-e8c5-445a-83a0-b89915eacb72___UF.GRC_BS_Lab Leaf 0435.JPG,Tomato_Bacterial_spot,4
Tomato_Bacterial_spot/cdd9e76e-72f7-4fa7-93ed-d727691f7c80___UF.GRC_BS_Lab Leaf 1072.JPG,Tomato_Bacterial_spot,4
Tomato_Leaf_Mold/1826cec0-4c4e-4924-a992-e70eb2a0097e___Crnl_L.Mold 6638.JPG,Tomato_Leaf_Mold,3
Tomato_healthy/6ca96968-d8cd-4849-a0d5-0784e585d768___RS_HL 0302.JPG,Tomato_healthy,0
Tomato_Late_blight/16441ce5-dcfa-411c-8029-cef10b3f6474___GHLB2 Leaf 8687.JPG,Tomato_Late_blight,2
Tomato_Early_blight/c10623b4-33fe-458c-9d8e-d9a74fb74a6a___RS_Erly.B 7450.JPG,Tomato_Early_blight,1
Tomato_Late_blight/05a34df9-4fc9-460a-b675-3c4a37cfdf4c___GHLB2 Leaf 8917.JPG,Tomato_Late_blight,2
Tomato_Late_blight/9751ae34-d376-465d-9fce-ddb75caf98d2___GHLB2 Leaf 8781.JPG,Tomato_Late_blight,2
Tomato_Late_blight/ad81f722-e61f-49a8-aa2d-d3e95fff0aea___GHLB2 Leaf 8717.JPG,Tomato_Late_blight,2
Tomato_Leaf_Mold/cb9effb5-7029-410e-8270-8efb36fb124a___Crnl_L.Mold 8841.JPG,Tomato_Leaf_Mold,3
Tomato_Bacterial_spot/d0259987-90c8-4af9-a2f4-524ed0c514a2___GCREC_Bact.Sp 6365.JPG,Tomato_Bacterial_spot,4
Tomato_Early_blight/a8844870-0efc-494c-af8c-d5c94fd619f3___RS_Erly.B 7756.JPG,Tomato_Early_blight,1
Tomato_Late_blight/f891c2b9-aa37-4b0c-9777-6ce762eb9285___GHLB2 Leaf 8696.JPG,Tomato_Late_blight,2
Tomato_Early_blight/5d0f4647-6f88-4c84-bacf-d6bc4d469c4d___RS_Erly.B 8411.JPG,Tomato_Early_blight,1
Tomato_Early_blight/9664a85d-6c90-46d7-98e6-cbf1b99cc53e___RS_Erly.B 7503.JPG,Tomato_Early_blight,1
Tomato_Early_blight/59fbd532-f75e-4c09-be68-3707d1323868___RS_Erly.B 7863.JPG,Tomato_Early_blight,1
Tomato_Late_blight/e22dc874-f57d-4b17-bc6d-7d35bdbadc35___GHLB2 Leaf 8663.JPG,Tomato_Late_blight,2
Tomato_Bacterial_spot/6dc57c16-e5f8-41c4-9188-83c8d60cf931___GCREC_Bact.Sp 3597.JPG,Tomato_Bacterial_spot,4
Tomato_Bacterial_spot/98df469d-20d0-4b6e-aae3-617473f3081f___GCREC_Bact.Sp 5792.JPG,Tomato_Bacterial_spot,4
Tomato_Late_blight/07b42bb5-9f6c-43bc-9bbe-e4b127d84cb6___GHLB Leaf 18.1 Day 8.jpg,Tomato_Late_blight,2
Tomato_healthy/0d70d565-520e-474c-85c1-ab478c9f1d4b___GH_HL Leaf 203.1.JPG,Tomato_healthy,0
Tomato_Leaf_Mold/c037b9ad-fa8f-4bbf-a38f-ec0cd6db860d___Crnl_L.Mold 9024.JPG,Tomato_Leaf_Mold,3
Tomato_Late_blight/de2e16e8-b372-4d2e-ab3b-30b21c30faa7___GHLB_PS Leaf 1.5 Day 18.jpg,Tomato_Late_blight,2
Tomato_Leaf_Mold/9a1fc5b3-476a-4565-ad69-e054accd2dd6___Crnl_L.Mold 9030.JPG,Tomato_Leaf_Mold,3
Tomato_Late_blight/4184f74c-6054-473f-babc-fa5cbca7f5b4___GHLB2ES Leaf 135.JPG,Tomato_Late_blight,2
Tomato_Early_blight/dda45973-b7a1-4080-93a2-bd7cd3e3026f___RS_Erly.B 8407.JPG,Tomato_Early_blight,1
Tomato_healthy/9bda0790-8cb2-4dce-8b8a-debdbd08a67d___GH_HL Leaf 388.JPG,Tomato_healthy,0
Tomato_Bacterial_spot/722f1c0d-d487-4209-b2cc-6d9ce7d2ecaa___GCREC_Bact.Sp 6238.JPG,Tomato_Bacterial_spot,4
Tomato_healthy/d764f501-de57-47f4-a648-c5ece8ec59b2___RS_HL 0409.JPG,Tomato_healthy,0
Tomato_Leaf_Mold/722e11c3-9b08-4192-9ad0-142e9240914c___Crnl_L.Mold 8920.JPG,Tomato_Leaf_Mold,3
Tomato_Bacterial_spot/2279def6-9a9e-43cd-8f35-9111fa81ab13___GCREC_Bact.Sp 5952.JPG,Tomato_Bacterial_spot,4
Tomato_Early_blight/efe14014-c5b8-433b-a469-e10ca8d7c551___RS_Erly.B 7499.JPG,Tomato_Early_blight,1
Tomato_Bacterial_spot/eabeca07-9aa1-431a-92eb-be617775811d___UF.GRC_BS_Lab Leaf 0460.JPG,Tomato_Bacterial_spot,4
Tomato_Leaf_Mold/7c8dcf96-0825-49a2-8309-bb02524c64da___Crnl_L.Mold 8775.JPG,Tomato_Leaf_Mold,3
Tomato_Late_blight/a63289bd-bdf3-4092-a460-2fa5138379be___RS_Late.B 7049.JPG,Tomato_Late_blight,2
Tomato_Bacterial_spot/cf08a18e-375d-4f92-ac86-bd0e2f8f8dd2___GCREC_Bact.Sp 5808.JPG,Tomato_Bacterial_spot,4
Tomato_Bacterial_spot/ff33b13d-9611-4c3e-bec9-a628055932b9___GCREC_Bact.Sp 3309.JPG,Tomato_Bacterial_spot,4
Tomato_Bacterial_spot/01e079ba-939a-4681-8983-db663f4a859b___GCREC_Bact.Sp 3029.JPG,Tomato_Bacterial_spot,4
Tomato_Bacterial_spot/40bca704-2943-470c-8f5d-eda44b258b20___GCREC_Bact.Sp 3769.JPG,Tomato_Bacterial_spot,4
Tomato_Leaf_Mold/ea8273ed-0d2e-483d-a653-0abc4886d780___Crnl_L.Mold 6988.JPG,Tomato_Leaf_Mold,3
Tomato_Early_blight/32e59188-5c46-4369-8991-5acfa253263b___RS_Erly.B 7781.JPG,Tomato_Early_blight,1
Tomato_Late_blight/27a3a882-d241-4b46-9606-04e7fcaced25___GHLB2 Leaf 8599.JPG,Tomato_Late_blight,2
Tomato_Late_blight/7fc8f2f2-874c-49d1-935b-06f2d044db8f___RS_Late.B 6451.JPG,Tomato_Late_blight,2
Tomato_Early_blight/e81dfd96-227c-41a7-8cf8-dbc14f2e4b33___RS_Erly.B 7407.JPG,Tomato_Early_blight,1
Tomato_Early_blight/aea263ac-87a1-42b7-a3ca-15d69e55204e___RS_Erly.B 9486.JPG,Tomato_Early_blight,1
Tomato_healthy/0902aa8e-e4f7-4c29-b11a-b2b7f24fe61c___GH_HL Leaf 228.1.JPG,Tomato_healthy,0
Tomato_Late_blight/913a9ecb-2dad-4a37-8e5e-e97a1aa2b8a1___RS_Late.B 5327.JPG,Tomato_Late_blight,2
Tomato_healthy/5c00f8ca-ad19-4df3-a1ac-8b6aefc0ddd5___RS_HL 0319.JPG,Tomato_healthy,0
Tomato_Leaf_Mold/924b52ad-82dd-4562-94b6-5a5a9e41e81c___Crnl_L.Mold 9110.JPG,Tomato_Leaf_Mold,3
Tomato_Leaf_Mold/08cdd6ec-9dd7-4fc2-a255-11a70adaffd4___Crnl_L.Mold 9177.JPG,Tomato_Leaf_Mold,3
Tomato_Early_blight/2bdecb58-7e31-4129-83ff-125b7a31c0f6___RS_Erly.B 9506.JPG,Tomato_Early_blight,1
Tomato_Late_blight/a07f7609-5248-4cbc-a277-5d962e1d0dd1___GHLB2 Leaf 148.4.JPG,Tomato_Late_blight,2
Tomato_Leaf_Mold/44167946-e66c-4206-9501-4f1777bac9ae___Crnl_L.Mold 8639.JPG,Tomato_Leaf_Mold,3
Tomato_Early_blight/5ad16a00-4f2d-4872-a45c-80250b507ecc___RS_Erly.B 9378.JPG,Tomato_Early_blight,1
Tomato_Late_blight/6d8ee18d-8dcf-48b1-aec6-60752c839ee1___RS_Late.B 6887.JPG,Tomato_Late_blight,2
Tomato_Early_blight/9b0106a7-eb90-4bb2-beec-6c9eb2d90d4b___RS_Erly.B 7424.JPG,Tomato_Early_blight,1
Tomato_Early_blight/6ceca8a9-a257-4238-a779-bdb0dccc528e___RS_Erly.B 7604.JPG,Tomato_Early_blight,1
Tomato_Bacterial_spot/fa416dda-9685-490c-ad69-e857e205b1fb___GCREC_Bact.Sp 6181.JPG,Tomato_Bacterial_spot,4
Tomato_Early_blight/42d072db-d17e-4050-882a-6a8d1c1ede05___RS_Erly.B 8430.JPG,Tomato_Early_blight,1
Tomato_Leaf_Mold/56f9744f-d517-49f5-9c76-0870da25c035___Crnl_L.Mold 6891.JPG,Tomato_Leaf_Mold,3
Tomato_Leaf_Mold/b625db0c-4b96-4cac-b6ef-8ded223bc857___Crnl_L.Mold 6563.JPG,Tomato_Leaf_Mold,3
Tomato_healthy/c3724cd0-50c4-4780-8dc8-fe3e9d0d0680___GH_HL Leaf 292.JPG,Tomato_healthy,0
Tomato_Late_blight/dee4e35c-5c87-4922-9a1f-b97dcc40e7f1___GHLB2 Leaf 8690.JPG,Tomato_Late_blight,2
Tomato_Leaf_Mold/d61a37fd-71d1-4b5f-a533-74e1bdab3bb8___Crnl_L.Mold 8975.JPG,Tomato_Leaf_Mold,3
Tomato_Leaf_Mold/866d57df-74c8-4546-9f82-d03b3c554556___Crnl_L.Mold 8981.JPG,Tomato_Leaf_Mold,3
Tomato_Leaf_Mold/7115a5d7-3157-4183-bda2-8d0b43f50276___Crnl_L.Mold 8898.JPG,Tomato_Leaf_Mold,3
Tomato_Late_blight/afb65a40-7512-4d2c-884e-56e6c5010511___RS_Late.B 5380.JPG,Tomato_Late_blight,2
Tomato_Bacterial_spot/cc10d1bc-301a-4f99-85cb-94c73acfbeea___GCREC_Bact.Sp 3397.JPG,Tomato_Bacterial_spot,4
Tomato_Bacterial_spot/fae0cb2c-797d-49d8-820a-52ccd350f8fd___UF.GRC_BS_Lab Leaf 0394.JPG,Tomato_Bacterial_spot,4
Tomato_Early_blight/fad513f7-c56a-439a-9a5b-515bd0fc8151___RS_Erly.B 9458.JPG,Tomato_Early_blight,1
Tomato_Leaf_Mold/f28805ce-de82-49bf-be6c-aa8c9c71a595___Crnl_L.Mold 8815.JPG,Tomato_Leaf_Mold,3
Tomato_Early_blight/7bd63940-1890-4263-8c8c-e0c743bb51ce___RS_Erly.B 9487.JPG,Tomato_Early_blight,1
Tomato_Bacterial_spot/3489afd3-f198-4866-8ca6-09a221d1236c___GCREC_Bact.Sp 5656.JPG,Tomato_Bacterial_spot,4
Tomato_Leaf_Mold/a6a109c7-b0f1-4475-8b50-22681c59a909___Crnl_L.Mold 6551.JPG,Tomato_Leaf_Mold,3
Tomato_Late_blight/aefc20fb-6226-4bb9-90e7-6619219ec15a___GHLB Leaf 23.2 Day 12.JPG,Tomato_Late_blight,2
Tomato_healthy/cdf10741-0ed4-4a27-a2e9-8970e4426730___RS_HL 0356.JPG,Tomato_healthy,0
Tomato_Leaf_Mold/4e9a0ebe-9df2-4fc6-ad17-3a2e3abdd55c___Crnl_L.Mold 7071.JPG,Tomato_Leaf_Mold,3
Tomato_Early_blight/f459c3ee-91f9-42e4-8a61-8c2b6ba9a435___RS_Erly.B 9522.JPG,Tomato_Early_blight,1
Tomato_Leaf_Mold/b7b92cf5-cdc9-4f6b-a844-b5a1d0042230___Crnl_L.Mold 6790.JPG,Tomato_Leaf_Mold,3
Tomato_Early_blight/3198b703-d5d5-46e9-9b8f-399d5531b5c4___RS_Erly.B 8364.JPG,Tomato_Early_blight,1
Tomato_Leaf_Mold/904a5f71-4358-44b5-98ff-3681df988769___Crnl_L.Mold 6601.JPG,Tomato_Leaf_Mold,3
Tomato_Late_blight/5c6dfda8-1d4e-4ad0-92b1-5c6ffc790ea1___RS_Late.B 6223.JPG,Tomato_Late_blight,2
Tomato_Bacterial_spot/fc48610a-675f-4fdf-998d-5d877c909550___GCREC_Bact.Sp 2959.JPG,Tomato_Bacterial_spot,4
Tomato_Late_blight/280cae12-7330-4202-b5cb-236fc869907c___GHLB2 Leaf 8821.JPG,Tomato_Late_blight,2
Tomato_Early_blight/9e8f1cbd-f128-47f3-b90d-9c8dc1efcb78___RS_Erly.B 7425.JPG,Tomato_Early_blight,1
Tomato_Early_blight/8b2de2f4-1f12-46a7-ae3c-85fe9bd6ab6e___RS_Erly.B 7574.JPG,Tomato_Early_blight,1
Tomato_healthy/79e38a3e-8170-44e3-a7ce-e00bbbcf24dc___GH_HL Leaf 460.JPG,Tomato_healthy,0
Tomato_healthy/e1d129fb-f5ae-41e1-b097-445d792e4beb___RS_HL 0473.JPG,Tomato_healthy,0
Tomato_healthy/3e4f86b3-55d1-4efc-bd8a-f13af318b181___GH_HL Leaf 492.JPG,Tomato_healthy,0
Tomato_Leaf_Mold/edf50862-c5ce-406d-a3f1-f228bd358ca3___Crnl_L.Mold 7038.JPG,Tomato_Leaf_Mold,3
Tomato_healthy/513e1e06-d736-4317-b86b-73464b111958___GH_HL Leaf 385.JPG,Tomato_healthy,0
Tomato_healthy/6f46242c-3654-4670-8587-91c6b74af742___RS_HL 9731.JPG,Tomato_healthy,0
Tomato_Leaf_Mold/72195027-eef6-4b92-8a7e-9d60842f6e97___Crnl_L.Mold 9151.JPG,Tomato_Leaf_Mold,3
Tomato_Leaf_Mold/27867fa8-39ae-4480-936e-1adcdceeb7fb___Crnl_L.Mold 6924.JPG,Tomato_Leaf_Mold,3
Tomato_Bacterial_spot/606ad875-f0db-4725-8b4d-d046b6a1405f___GCREC_Bact.Sp 6228.JPG,Tomato_Bacterial_spot,4
Tomato_healthy/c5f1eec0-35c2-43ce-8a14-575d86258f73___RS_HL 0337.JPG,Tomato_healthy,0
Tomato_healthy/d7f9efa9-5684-42f4-b183-958a83d3ebcd___RS_HL 9923.JPG,Tomato_healthy,0
Tomato_Late_blight/6cd183e0-9e97-4e80-a956-7c81bd06ab8b___RS_Late.B 6621.JPG,Tomato_Late_blight,2
Tomato_healthy/bad3b814-de59-4c37-8f47-00ed153f7e4f___RS_HL 0214.JPG,Tomato_healthy,0
Tomato_Late_blight/8fa2b785-6eba-47c3-aeb3-139ebe284185___RS_Late.B 4954.JPG,Tomato_Late_blight,2
Tomato_Early_blight/e94d68c8-f185-4b3d-9b44-ad12e3dc891d___RS_Erly.B 9598.JPG,Tomato_Early_blight,1
Tomato_Bacterial_spot/a69cf9dd-83c8-4b5c-8cd2-dbcba3aa1eb7___UF.GRC_BS_Lab Leaf 8884.JPG,Tomato_Bacterial_spot,4
Tomato_Early_blight/ec5d1d0a-2909-4c2d-81d5-4bbed298167b___RS_Erly.B 6340.JPG,Tomato_Early_blight,1
Tomato_Early_blight/243a77c6-b401-43c4-9230-68b4b11f3b83___RS_Erly.B 7754.JPG,Tomato_Early_blight,1
Tomato_healthy/b59425a2-e983-49c8-a9fd-61da8f38e7f3___RS_HL 0537.JPG,Tomato_healthy,0
Tomato_Early_blight/8ac21e2c-f953-4e96-8d43-e82dae24017e___RS_Erly.B 7459.JPG,Tomato_Early_blight,1
Tomato_Early_blight/fcf8557f-890e-441b-9dc1-c8854f694f2e___RS_Erly.B 9505.JPG,Tomato_Early_blight,1
Tomato_healthy/3eb7e000-68e2-4cf3-b202-2aaf17642cb4___RS_HL 9957.JPG,Tomato_healthy,0
Tomato_Early_blight/fb2aaea3-f1cd-49c3-aa02-b640c62e59f5___RS_Erly.B 9389.JPG,Tomato_Early_blight,1
Tomato_Bacterial_spot/2300bcf2-b682-4be7-a101-e4517c15a32b___GCREC_Bact.Sp 2980.JPG,Tomato_Bacterial_spot,4
Tomato_Early_blight/fb956247-8c0b-486a-b491-4d49e77e598e___RS_Erly.B 7842.JPG,Tomato_Early_blight,1
Tomato_Bacterial_spot/a3f46db1-a45c-4afa-9c80-86b4169459b9___GCREC_Bact.Sp 5754.JPG,Tomato_Bacterial_spot,4
Tomato_Early_blight/2312305e-c167-4730-a07a-db5c9956077a___RS_Erly.B 7752.JPG,Tomato_Early_blight,1
Tomato_Late_blight/674b9176-bd0c-47be-94a3-7c973d2ecdab___GHLB_PS leaf 28.1 Day 12.jpg,Tomato_Late_blight,2
Tomato_Leaf_Mold/bd6dc03e-b3f0-4b30-81f8-8ac3205d4d49___Crnl_L.Mold 8849.JPG,Tomato_Leaf_Mold,3
Tomato_Late_blight/a0cdaa93-f328-466d-9722-57a29c53e18b___RS_Late.B 7006.JPG,Tomato_Late_blight,2
Tomato_Bacterial_spot/ef110350-8e1f-4eb2-a384-037eafaf1089___GCREC_Bact.Sp 5980.JPG,Tomato_Bacterial_spot,4
Tomato_Leaf_Mold/3aa896a7-f25b-43b7-a319-0c5c5b8184c7___Crnl_L.Mold 6753.JPG,Tomato_Leaf_Mold,3
Tomato_Late_blight/42bc64dd-b367-4cc0-b5df-689c1e86705d___RS_Late.B 4906.JPG,Tomato_Late_blight,2
Tomato_Late_blight/52451f9c-825f-4907-8ee6-deeb5899d9b5___RS_Late.B 5449.JPG,Tomato_Late_blight,2
Tomato_Late_blight/39f11cfa-d3a8-4845-9cc8-8ffa2f707d66___RS_Late.B 6119.JPG,Tomato_Late_blight,2
Tomato_Leaf_Mold/dfdad328-4a07-43ce-afc4-4d1dd069f52b___Crnl_L.Mold 8791.JPG,Tomato_Leaf_Mold,3
Tomato_Leaf_Mold/d49623e2-8d48-480e-8bd1-c7f7b997514c___Crnl_L.Mold 8676.JPG,Tomato_Leaf_Mold,3
Tomato_Late_blight/ccbeb4a7-7a15-4246-9ffa-1807e58b3afc___RS_Late.B 4849.JPG,Tomato_Late_blight,2
Tomato_Leaf_Mold/c703ee8a-3a32-4b49-9ac2-02138720a47d___Crnl_L.Mold 6614.JPG,Tomato_Leaf_Mold,3
Tomato_Early_blight/de8d6c32-2b7c-4c2c-a974-9c1c9c30486e___RS_Erly.B 9560.JPG,Tomato_Early_blight,1
Tomato_Late_blight/934cc025-d086-441c-8d0d-71050ab956aa___RS_Late.B 6740.JPG,Tomato_Late_blight,2
Tomato_Leaf_Mold/69317010-b2b4-4a64-837e-94f8302fd508___Crnl_L.Mold 9149.JPG,Tomato_Leaf_Mold,3
Tomato_healthy/2b815107-e4d1-4f97-b8eb-72a06b2198f3___RS_HL 0399.JPG,Tomato_healthy,0
Tomato_healthy/ab203172-45d2-492f-94e0-6d15a1d34209___RS_HL 9831.JPG,Tomato_healthy,0
Tomato_Bacterial_spot/4a9819e9-6651-480a-a524-74d149449538___GCREC_Bact.Sp 3748.JPG,Tomato_Bacterial_spot,4
Tomato_Late_blight/0a3f65fc-ef1c-4aed-b235-46bae4e5c0e7___GHLB2 Leaf 9065.JPG,Tomato_Late_blight,2
Tomato_Leaf_Mold/e8a0bcf7-b76f-495f-ad84-f29329bfa481___Crnl_L.Mold 6620.JPG,Tomato_Leaf_Mold,3
Tomato_Early_blight/0f12e22b-49a9-4d9a-84bc-76bb86ed2a14___RS_Erly.B 9572.JPG,Tomato_Early_blight,1
Tomato_Late_blight/2325473b-e5b1-42b2-a569-647f3db554bb___GHLB2 Leaf 157.JPG,Tomato_Late_blight,2
Tomato_healthy/67fe557e-2e6e-4145-8d3f-468be8f7480e___RS_HL 9800.JPG,Tomato_healthy,0
Tomato_Leaf_Mold/d3fa9514-82c8-4760-a810-7e7b617f3bb8___Crnl_L.Mold 7148.JPG,Tomato_Leaf_Mold,3
Tomato_Late_blight/65576adf-cef4-4f1a-8b7c-881e8729bdbf___GHLB2 Leaf 147.JPG,Tomato_Late_blight,2
Tomato_Bacterial_spot/762e1022-3ed8-4d96-9f05-e22c0757c8ba___UF.GRC_BS_Lab Leaf 0774.JPG,Tomato_Bacterial_spot,4
Tomato_Early_blight/b4cfa208-cee0-4383-b0e2-6988814fbb9a___RS_Erly.B 7645.JPG,Tomato_Early_blight,1
Tomato_Early_blight/caf4e799-6574-4eb6-81df-edd5d256fd45___RS_Erly.B 7536.JPG,Tomato_Early_blight,1
Tomato_Late_blight/cad32686-aa52-4c8d-85e7-2578027af2a5___RS_Late.B 4857.JPG,Tomato_Late_blight,2
Tomato_Late_blight/39c5ef21-730a-4e51-9eb0-a7639295c116___RS_Late.B 5157.JPG,Tomato_Late_blight,2
Tomato_Late_blight/0a6203b9-ced0-4934-ae23-4a7d2e2e2fdd___RS_Late.B 6424.JPG,Tomato_Late_blight,2
Tomato_Bacterial_spot/6b30245b-6c88-4cdb-b170-96bcba1212c4___UF.GRC_BS_Lab Leaf 8765.JPG,Tomato_Bacterial_spot,4
Tomato_healthy/4d374048-0e08-4a09-ae57-e83f8e64082b___RS_HL 0564.JPG,Tomato_healthy,0
Tomato_Leaf_Mold/4914514e-fd44-4e2b-becd-5daf581c78e6___Crnl_L.Mold 9019.JPG,Tomato_Leaf_Mold,3
Tomato_Bacterial_spot/e8b966f1-b1e8-460d-899f-73a3780a36e4___GCREC_Bact.Sp 6179.JPG,Tomato_Bacterial_spot,4
Tomato_Early_blight/e29ee209-e895-434f-9078-db727c5a98dd___RS_Erly.B 9383.JPG,Tomato_Early_blight,1
Tomato_Bacterial_spot/d56b1f3a-0840-4c5d-87bf-68476ec57b97___GCREC_Bact.Sp 5681.JPG,Tomato_Bacterial_spot,4
Tomato_healthy/4c3bf302-573e-4240-9d67-60412ea836d0___RS_HL 0254.JPG,Tomato_healthy,0
Tomato_Leaf_Mold/041f3e00-0236-4d32-897f-8d13f3a9aa1f___Crnl_L.Mold 9135.JPG,Tomato_Leaf_Mold,3
Tomato_Leaf_Mold/2b31c158-d7d5-4625-b13b-e3e626d791ff___Crnl_L.Mold 6665.JPG,Tomato_Leaf_Mold,3
Tomato_Late_blight/caf4164d-4f6f-4a75-b394-924f89e0d040___GHLB2 Leaf 8759.JPG,Tomato_Late_blight,2
Tomato_healthy/83a8e340-30f9-4e2f-b825-a1078d5c63cf___RS_HL 0033.JPG,Tomato_healthy,0
Tomato_healthy/264a08a7-74a4-4492-aff1-8a3ab8b35c46___GH_HL Leaf 314.1.JPG,Tomato_healthy,0
Tomato_Leaf_Mold/77451675-72f4-41be-9e1f-698f7bb5d7bc___Crnl_L.Mold 7032.JPG,Tomato_Leaf_Mold,3
Tomato_healthy/505465db-407b-4e0a-8110-7479dad5261c___GH_HL Leaf 389.JPG,Tomato_healthy,0
Tomato_Leaf_Mold/18222964-4786-49a0-b865-9c8dce3621f3___Crnl_L.Mold 7046.JPG,Tomato_Leaf_Mold,3
Tomato_Leaf_Mold/1692055a-2fc8-4680-b8fe-32916f040b6f___Crnl_L.Mold 6843.JPG,Tomato_Leaf_Mold,3
Tomato_Early_blight/c73fd35a-bc55-46c3-baf3-a943a6e396c5___RS_Erly.B 9563.JPG,Tomato_Early_blight,1
Tomato_healthy/190a6af7-d7b1-4265-b05b-c126a7962c93___GH_HL Leaf 408.JPG,Tomato_healthy,0
Tomato_Late_blight/ae8063cf-9ed2-43f6-a5ce-5c497d555f13___RS_Late.B 7146.JPG,Tomato_Late_blight,2
Tomato_healthy/e55fc417-6c08-4150-913e-11e7c7e15eb7___RS_HL 0504.JPG,Tomato_healthy,0
Tomato_Bacterial_spot/88608ab3-6f80-4b0c-988d-038a3094d972___UF.GRC_BS_Lab Leaf 9179.JPG,Tomato_Bacterial_spot,4
Tomato_Early_blight/55761153-0f6a-4dad-981e-16fde2ac683f___RS_Erly.B 6387.JPG,Tomato_Early_blight,1
Tomato_Bacterial_spot/30c04c65-4c7c-4b4b-b9e9-0d7faea2716e___GCREC_Bact.Sp 3841.JPG,Tomato_Bacterial_spot,4
Tomato_Leaf_Mold/e6e60f43-eff7-4f87-8aef-ab1ddcc6526a___Crnl_L.Mold 6942.JPG,Tomato_Leaf_Mold,3
Tomato_Early_blight/113562f3-fe24-4b28-9ec8-7ca432bded47___RS_Erly.B 9402.JPG,Tomato_Early_blight,1
Tomato_Early_blight/3dab5935-91ca-489d-b4f4-127300fc527e___RS_Erly.B 6342.JPG,Tomato_Early_blight,1
Tomato_healthy/e7a9a772-95f5-4bd4-ad34-831c3c47c024___RS_HL 9909.JPG,Tomato_healthy,0
Tomato_Bacterial_spot/7140eec5-60f1-49bb-a0dd-4cea65897848___UF.GRC_BS_Lab Leaf 9310.JPG,Tomato_Bacterial_spot,4
Tomato_Bacterial_spot/fac7526f-f9b4-439f-a158-48f8f04ccd4a___GCREC_Bact.Sp 6250.JPG,Tomato_Bacterial_spot,4
Tomato_Leaf_Mold/0bb34c9b-ecf7-4fb1-8ee1-098bccdcdaae___Crnl_L.Mold 6522.JPG,Tomato_Leaf_Mold,3
Tomato_Late_blight/1a69b38b-c4eb-42c4-9584-bcb14fb8db0c___GHLB2 Leaf 9011.JPG,Tomato_Late_blight,2
Tomato_Bacterial_spot/ebaf3d67-cb6b-4b01-be28-f2276db98177___GCREC_Bact.Sp 3649.JPG,Tomato_Bacterial_spot,4
Tomato_Bacterial_spot/7f0a444d-f5ca-4378-a06d-fa94469f2ae1___GCREC_Bact.Sp 3686.JPG,Tomato_Bacterial_spot,4
Tomato_Bacterial_spot/38f440f1-c527-4d22-abf0-61bc2effa58b___GCREC_Bact.Sp 2946.JPG,Tomato_Bacterial_spot,4
Tomato_Leaf_Mold/158d72b9-7f14-4466-9b20-13909636294f___Crnl_L.Mold 8829.JPG,Tomato_Leaf_Mold,3
Tomato_Late_blight/cb56bd8e-f217-4537-9d35-a62d6b82f48f___GHLB2 Leaf 8769.JPG,Tomato_Late_blight,2
Tomato_Leaf_Mold/87b0ae17-3c7a-462b-8d63-5ee04eb165d4___Crnl_L.Mold 9015.JPG,Tomato_Leaf_Mold,3
Tomato_Early_blight/a8cade96-090a-4dcd-bc79-d13a4046370d___RS_Erly.B 7721.JPG,Tomato_Early_blight,1
Tomato_Bacterial_spot/ef20a397-2057-4f88-888b-9325bd16404a___GCREC_Bact.Sp 3280.JPG,Tomato_Bacterial_spot,4
Tomato_Late_blight/24584c68-d48b-4023-86e9-5915aeb6bc0f___RS_Late.B 4928.JPG,Tomato_Late_blight,2
Tomato_Early_blight/342d78c9-af97-4325-ad0f-0f12e0a206c2___RS_Erly.B 7406.JPG,Tomato_Early_blight,1
Tomato_Late_blight/b61b92f6-9991-4f85-a9a6-c3993720d842___GHLB2 Leaf 9067.JPG,Tomato_Late_blight,2
Tomato_Bacterial_spot/855bbef5-e9fc-4c0c-b3cc-d9321fa9596e___GCREC_Bact.Sp 5947.JPG,Tomato_Bacterial_spot,4
Tomato_Bacterial_spot/de5c0550-5f5a-4148-9fa1-a3d52b9ec811___UF.GRC_BS_Lab Leaf 0660.JPG,Tomato_Bacterial_spot,4
Tomato_Early_blight/48160d05-d3e5-44bb-810e-18d08407b529___RS_Erly.B 9606.JPG,Tomato_Early_blight,1
Tomato_Early_blight/9498ce3a-8dc1-43ec-aeec-a05825cf9af2___RS_Erly.B 7820.JPG,Tomato_Early_blight,1
Tomato_healthy/6ee48dff-5a8a-4751-8850-200575ee49b1___RS_HL 0479.JPG,Tomato_healthy,0
Tomato_Leaf_Mold/acfa0062-84e4-4b59-a886-6ff31a81230f___Crnl_L.Mold 7007.JPG,Tomato_Leaf_Mold,3
Tomato_Bacterial_spot/ee58fac2-fc57-4c63-a65b-ede727cf1d43___UF.GRC_BS_Lab Leaf 0809.JPG,Tomato_Bacterial_spot,4
Tomato_Leaf_Mold/2857df1b-3a91-46d2-ab63-926b329b4a28___Crnl_L.Mold 7102.JPG,Tomato_Leaf_Mold,3
Tomato_healthy/79ceff7d-4092-419c-b7c1-340ae2dc0605___RS_HL 0225.JPG,Tomato_healthy,0
Tomato_Bacterial_spot/23ee3cb6-dba9-479c-ae1e-ea34028f8066___GCREC_Bact.Sp 5753.JPG,Tomato_Bacterial_spot,4
Tomato_healthy/973c9431-f521-462d-82fa-442196087ca8___GH_HL Leaf 204.1.JPG,Tomato_healthy,0
Tomato_Early_blight/d7e11d88-60e8-41d3-a840-2ad9bab04fe2___RS_Erly.B 6355.JPG,Tomato_Early_blight,1
Tomato_Bacterial_spot/e77c7af3-35cb-496d-bc8b-34bc2344b8fc___GCREC_Bact.Sp 3545.JPG,Tomato_Bacterial_spot,4
Tomato_Bacterial_spot/cb496f19-8673-40dd-abe1-bff32695b2ab___UF.GRC_BS_Lab Leaf 0468.JPG,Tomato_Bacterial_spot,4
Tomato_Bacterial_spot/6a198118-1387-400d-bfb8-c1127df2570d___GCREC_Bact.Sp 5885.JPG,Tomato_Bacterial_spot,4
Tomato_Leaf_Mold/e33b960c-9d75-4de7-a310-ac39e5f326a4___Crnl_L.Mold 6689.JPG,Tomato_Leaf_Mold,3
Tomato_Leaf_Mold/f78e3205-2a7f-43cf-988c-63aaf2179a5d___Crnl_L.Mold 6878.JPG,Tomato_Leaf_Mold,3
Tomato_Leaf_Mold/0de02a32-f166-4d67-bbb8-689e96d04c44___Crnl_L.Mold 8811.JPG,Tomato_Leaf_Mold,3
Tomato_healthy/fb123526-11fd-4d0d-96cc-3423da0b61a2___RS_HL 9756.JPG,Tomato_healthy,0
Tomato_Early_blight/eb94014e-83b7-46a4-9b1a-7cae23876302___RS_Erly.B 7471.JPG,Tomato_Early_blight,1
Tomato_healthy/6cabb19a-2a35-4897-a646-a13e3cf494c6___RS_HL 0591.JPG,Tomato_healthy,0
Tomato_healthy/ff354b62-5981-43d1-8cfe-ac58bc20ca20___GH_HL Leaf 221.JPG,Tomato_healthy,0
Tomato_Leaf_Mold/3868a159-b5df-49d2-a689-1181ee1007dc___Crnl_L.Mold 8720.JPG,Tomato_Leaf_Mold,3
Tomato_Late_blight/1ea54b98-1f87-4da7-9bc2-f6460f18b376___RS_Late.B 6713.JPG,Tomato_Late_blight,2
Tomato_healthy/237ec7d7-d96f-434d-8a94-250ec92c8e86___RS_HL 0457.JPG,Tomato_healthy,0
Tomato_Bacterial_spot/4126165c-f9e0-4a17-9d87-d41bf356afb9___GCREC_Bact.Sp 3517.JPG,Tomato_Bacterial_spot,4
Tomato_Leaf_Mold/ed52b0a7-f569-4fdb-b04c-a624d8793092___Crnl_L.Mold 8880.JPG,Tomato_Leaf_Mold,3
Tomato_healthy/e3cc41f4-f960-44b9-96cd-61e3bd184e6d___RS_HL 0138.JPG,Tomato_healthy,0
Tomato_Bacterial_spot/eef753ba-cf26-427c-90f7-1ec9daf6afe8___GCREC_Bact.Sp 3383.JPG,Tomato_Bacterial_spot,4
Tomato_Bacterial_spot/8d56489d-58dc-43d8-a399-906b18b78566___GCREC_Bact.Sp 3081.JPG,Tomato_Bacterial_spot,4
Tomato_healthy/51e66b4b-c192-432f-bc52-d1c86a8da427___GH_HL Leaf 397.JPG,Tomato_healthy,0
Tomato_Leaf_Mold/67001860-5fda-495c-b2fb-a036f21448f8___Crnl_L.Mold 8838.JPG,Tomato_Leaf_Mold,3
Tomato_Bacterial_spot/2b6acf2e-3476-48a4-baa4-51aa62278537___GCREC_Bact.Sp 2977.JPG,Tomato_Bacterial_spot,4
Tomato_Leaf_Mold/6cda92fc-5b8b-47b5-803a-ed31c7a9106a___Crnl_L.Mold 8728.JPG,Tomato_Leaf_Mold,3
Tomato_Bacterial_spot/959b1a2d-0324-4525-94e6-90c8749cbb29___GCREC_Bact.Sp 5882.JPG,Tomato_Bacterial_spot,4
Tomato_healthy/0b330273-890c-4995-af72-cba070fc0061___GH_HL Leaf 312.JPG,Tomato_healthy,0
Tomato_Leaf_Mold/fee0f163-ef11-48ce-9eff-5546b8ddae91___Crnl_L.Mold 6861.JPG,Tomato_Leaf_Mold,3
Tomato_Early_blight/a2b13360-65ce-4302-8bec-50bdc1b9789d___RS_Erly.B 9446.JPG,Tomato_Early_blight,1
Tomato_Bacterial_spot/0893cbc5-7c6f-4ed2-863a-78f0bdb31ba0___GCREC_Bact.Sp 6174.JPG,Tomato_Bacterial_spot,4
Tomato_Late_blight/a849a1cf-b06a-4900-bf59-417da8b1d860___GHLB2 Leaf 56.JPG,Tomato_Late_blight,2
Tomato_Late_blight/bcdc5e5b-406b-4325-a0bd-d6b917ab7c41___RS_Late.B 6875.JPG,Tomato_Late_blight,2
Tomato_healthy/ba4daa67-29a8-4d0b-a21e-a27406bb840d___RS_HL 9714.JPG,Tomato_healthy,0
Tomato_Bacterial_spot/841cd513-3d3b-4ba5-ba29-1b7bf5220f9c___GCREC_Bact.Sp 3595.JPG,Tomato_Bacterial_spot,4
Tomato_Late_blight/3de67462-9ae4-455d-8d0d-a625c92c7120___RS_Late.B 5148.JPG,Tomato_Late_blight,2
Tomato_Leaf_Mold/be834e45-b191-48c6-a47d-832bd36f1774___Crnl_L.Mold 8739.JPG,Tomato_Leaf_Mold,3
Tomato_Early_blight/bad3a868-aed5-408f-b0a8-f018994ce28b___RS_Erly.B 7789.JPG,Tomato_Early_blight,1
Tomato_healthy/b3e24070-34b9-4dcb-8c84-026affadfb4b___GH_HL Leaf 360.JPG,Tomato_healthy,0
Tomato_Bacterial_spot/ae471cad-5e5b-4325-a831-bdfe5c005cab___GCREC_Bact.Sp 6323.JPG,Tomato_Bacterial_spot,4
Tomato_Early_blight/f6ddeb19-8aa3-40f5-8b60-b2f404f13407___RS_Erly.B 7705.JPG,Tomato_Early_blight,1
Tomato_Late_blight/7a48f790-80f5-4d75-bd49-3c42e8c92fb6___RS_Late.B 4844.JPG,Tomato_Late_blight,2
Tomato_Bacterial_spot/47d90e2b-bd1b-4b84-94dd-9cdfa31ba15a___GCREC_Bact.Sp 3732.JPG,Tomato_Bacterial_spot,4
Tomato_Late_blight/c69d0486-1baa-479e-947f-6b8d069279ff___RS_Late.B 5200.JPG,Tomato_Late_blight,2
Tomato_Early_blight/f7682a27-eeb7-4e22-89f0-df8531c5fb8f___RS_Erly.B 7728.JPG,Tomato_Early_blight,1
Tomato_Late_blight/1b36d656-ee17-43a1-8f47-0d163c69f754___RS_Late.B 5605.JPG,Tomato_Late_blight,2
Tomato_Bacterial_spot/d2cbc8f4-b632-47de-bc45-edeb4f0911f1___GCREC_Bact.Sp 5994.JPG,Tomato_Bacterial_spot,4
Tomato_Early_blight/5d998134-578b-481e-9b88-df0134eb567b___RS_Erly.B 7626.JPG,Tomato_Early_blight,1
Tomato_Early_blight/5339898b-4bf4-4ee0-b69c-eac14c202a69___RS_Erly.B 9430.JPG,Tomato_Early_blight,1
Tomato_healthy/3ea001ac-b49b-4382-a95d-a602fba00a5a___GH_HL Leaf 445.JPG,Tomato_healthy,0
Tomato_Leaf_Mold/ff01be71-2cc9-4e83-b907-81c21d31983b___Crnl_L.Mold 9117.JPG,Tomato_Leaf_Mold,3
Tomato_healthy/fcfb486e-63dc-405c-8a17-0551e5f76959___RS_HL 9663.JPG,Tomato_healthy,0
Tomato_Bacterial_spot/ba08cd52-37f7-4d42-be7e-9bd8db9d1d66___GCREC_Bact.Sp 3661.JPG,Tomato_Bacterial_spot,4
Tomato_Early_blight/e3b74c49-7e82-4094-8a02-5ae7644a1d00___RS_Erly.B 7393.JPG,Tomato_Early_blight,1
Tomato_Late_blight/a617c469-1174-43ab-910f-0c31a09dd0be___RS_Late.B 6085.JPG,Tomato_Late_blight,2
Tomato_Early_blight/71eb9b0a-a7ea-47a0-8108-71949d74e22d___RS_Erly.B 7557.JPG,Tomato_Early_blight,1
Tomato_Late_blight/0c3153b2-0e64-41b6-902a-66eafbf7cae6___GHLB Leaf 4.1 Day 1.JPG,Tomato_Late_blight,2
Tomato_Bacterial_spot/172458d3-8e11-4e75-9f39-d7e96e885108___GCREC_Bact.Sp 3071.JPG,Tomato_Bacterial_spot,4
Tomato_Early_blight/5fc7639c-d04d-40bc-bbd3-68bf11183ed9___RS_Erly.B 7745.JPG,Tomato_Early_blight,1
Tomato_Late_blight/3e7acc8a-73b1-4c21-bc67-bb6e65c4d373___GHLB Leaf 8.1 Day 12.JPG,Tomato_Late_blight,2
Tomato_Leaf_Mold/1b561161-1e63-4de0-889a-9c7b13487e18___Crnl_L.Mold 6596.JPG,Tomato_Leaf_Mold,3
Tomato_Early_blight/3889a459-3e30-4345-83e1-57c68b32af30___RS_Erly.B 7638.JPG,Tomato_Early_blight,1
Tomato_Early_blight/0c221e01-a85e-4794-b45b-3a91e349a8d2___RS_Erly.B 6425.JPG,Tomato_Early_blight,1
Tomato_Leaf_Mold/128f8a8f-257f-4fb1-b4c3-4eeb524af355___Crnl_L.Mold 8985.JPG,Tomato_Leaf_Mold,3
Tomato_Leaf_Mold/6ae9566d-3180-429e-a8a1-08c201048d0f___Crnl_L.Mold 6605.JPG,Tomato_Leaf_Mold,3
Tomato_healthy/267fd403-bea5-4a99-ae97-ea1c272623a1___GH_HL Leaf 440.1.JPG,Tomato_healthy,0
Tomato_Early_blight/3387fbf2-ee72-4601-b8de-c863eb96d181___RS_Erly.B 7452.JPG,Tomato_Early_blight,1
Tomato_Bacterial_spot/ffbff5e5-6c0a-4005-9974-1cb6ac61b4c9___UF.GRC_BS_Lab Leaf 1108.JPG,Tomato_Bacterial_spot,4
Tomato_Bacterial_spot/d03d8c3f-4929-4072-9a69-d4062c90a391___GCREC_Bact.Sp 6243.JPG,Tomato_Bacterial_spot,4
Tomato_Bacterial_spot/99187376-a5c2-41a7-9eb5-73cc0b2e5c2d___GCREC_Bact.Sp 3137.JPG,Tomato_Bacterial_spot,4
Tomato_Leaf_Mold/7f283b23-4b47-47e2-9a9f-aa8619669018___Crnl_L.Mold 9044.JPG,Tomato_Leaf_Mold,3
Tomato_Leaf_Mold/452bc068-6862-4715-a724-a4057d4155ee___Crnl_L.Mold 6866.JPG,Tomato_Leaf_Mold,3
Tomato_healthy/e6fdaad9-b536-46c3-a819-faf414cfbf47___GH_HL Leaf 500.2.JPG,Tomato_healthy,0
Tomato_Leaf_Mold/2a27ed39-5f6c-490e-8dae-8b1df4683dbc___Crnl_L.Mold 9099.JPG,Tomato_Leaf_Mold,3
Tomato_healthy/6398befe-9cd0-4724-b564-248d76b50b5a___GH_HL Leaf 196.JPG,Tomato_healthy,0
Tomato_Late_blight/a5fe1111-38b0-4206-9ac7-3eec701beb79___GHLB2 Leaf 8868.JPG,Tomato_Late_blight,2
Tomato_Leaf_Mold/586436a4-0d4b-4874-82d4-b8708e20706c___Crnl_L.Mold 8972.JPG,Tomato_Leaf_Mold,3
Tomato_Leaf_Mold/f75e6248-4f29-42d7-877f-14f3024a7fd7___Crnl_L.Mold 6896.JPG,Tomato_Leaf_Mold,3
Tomato_Late_blight/7c8a16a8-97a1-4461-9f72-b36e6676fd99___RS_Late.B 4863.JPG,Tomato_Late_blight,2
Tomato_Leaf_Mold/53853659-7886-4d19-87a0-65318154b8e2___Crnl_L.Mold 8865.JPG,Tomato_Leaf_Mold,3
Tomato_Bacterial_spot/476d4ff7-197e-4721-9875-527342fc4647___GCREC_Bact.Sp 3467.JPG,Tomato_Bacterial_spot,4
Tomato_Bacterial_spot/a943ec3e-2105-4dac-9d53-8ccd1e8f6d7b___GCREC_Bact.Sp 5718.JPG,Tomato_Bacterial_spot,4
Tomato_Late_blight/b96d76c8-4ad5-4bfb-bb21-faed3215583e___GHLB2 Leaf 8723.JPG,Tomato_Late_blight,2
Tomato_Early_blight/73f4d791-745e-49b8-82d8-e29b24ddd0e5___RS_Erly.B 7593.JPG,Tomato_Early_blight,1
Tomato_Late_blight/bd9341f4-34d9-4acb-9aa0-5dbff08f8ba6___GHLB_PS Leaf 23 Day 9.jpg,Tomato_Late_blight,2
Tomato_Bacterial_spot/1addf690-441a-40c5-b1e7-c618a8af1f40___GCREC_Bact.Sp 3744.JPG,Tomato_Bacterial_spot,4
Tomato_Bacterial_spot/8d1daa35-ff4d-4c3d-80b5-511a8034750a___GCREC_Bact.Sp 3289.JPG,Tomato_Bacterial_spot,4
Tomato_Early_blight/533debcd-c993-4c11-8515-9ec280cdc023___RS_Erly.B 7389.JPG,Tomato_Early_blight,1
Tomato_Late_blight/69fff432-3c80-4202-8e8a-7fed08ec0baa___RS_Late.B 6825.JPG,Tomato_Late_blight,2
Tomato_healthy/ee0dd8c0-8db2-4eff-8e4d-76cb146f2b34___GH_HL Leaf 166.2.JPG,Tomato_healthy,0
Tomato_Leaf_Mold/272c102c-6c18-4e3a-a64c-078bce56bde1___Crnl_L.Mold 6889.JPG,Tomato_Leaf_Mold,3
Tomato_healthy/532a6e3c-5dd5-4adf-9bc0-c13551dae536___GH_HL Leaf 354.JPG,Tomato_healthy,0
Tomato_Late_blight/960137a5-2b52-4349-8c33-cb8b7afed9eb___GHLB2 Leaf 8765.JPG,Tomato_Late_blight,2
Tomato_healthy/9dfa9d89-0a19-4e22-81c1-07c54a21f982___RS_HL 9768.JPG,Tomato_healthy,0
Tomato_Late_blight/993ba935-925c-411c-887f-b06670d884c6___GHLB2 Leaf 100.1.JPG,Tomato_Late_blight,2
Tomato_healthy/b995ac55-e42d-4fb6-9b91-310a4d046c21___RS_HL 9668.JPG,Tomato_healthy,0
Tomato_Leaf_Mold/fa2fb8f3-3561-4dad-bec1-a60555b9197d___Crnl_L.Mold 8852.JPG,Tomato_Leaf_Mold,3
Tomato_Early_blight/7763d482-8290-46f4-83aa-edb87ae15297___RS_Erly.B 7766.JPG,Tomato_Early_blight,1
Tomato_Leaf_Mold/7d40d29e-ba53-49bb-93be-e19d63855f60___Crnl_L.Mold 6994.JPG,Tomato_Leaf_Mold,3
Tomato_Late_blight/34bd18fa-d898-40d4-83ed-665caabed7d0___RS_Late.B 5113.JPG,Tomato_Late_blight,2
Tomato_Early_blight/40e8b878-dc2f-4cbd-ac31-c07f372bb0fa___RS_Erly.B 7369.JPG,Tomato_Early_blight,1
Tomato_healthy/7141e8d1-1554-4030-85dc-be5e984eb6ef___GH_HL Leaf 471.JPG,Tomato_healthy,0
Tomato_Late_blight/5ba6fbc5-a1de-4600-b0aa-9d8b8c222183___RS_Late.B 6181.JPG,Tomato_Late_blight,2
Tomato_Leaf_Mold/a37dad1e-446e-42f9-a923-b6a654e4132a___Crnl_L.Mold 7155.JPG,Tomato_Leaf_Mold,3
Tomato_Bacterial_spot/405e216e-b24f-4688-bd81-09de831eaada___UF.GRC_BS_Lab Leaf 0329.JPG,Tomato_Bacterial_spot,4
Tomato_Leaf_Mold/77a7828d-7cef-4490-9bd3-3e05c523a2f4___Crnl_L.Mold 7056.JPG,Tomato_Leaf_Mold,3
Tomato_Leaf_Mold/f63bb2e2-d13c-4e48-8e94-4d97f0dbad49___Crnl_L.Mold 6799.JPG,Tomato_Leaf_Mold,3
Tomato_Leaf_Mold/65986ff3-5848-4473-a7b7-b79e07d79fd7___Crnl_L.Mold 7040.JPG,Tomato_Leaf_Mold,3
Tomato_Early_blight/872ec950-8238-4f73-a366-f72f2f92d3fe___RS_Erly.B 7487.JPG,Tomato_Early_blight,1
Tomato_healthy/3c435a41-903c-4517-b79e-c01724be03a1___RS_HL 0422.JPG,Tomato_healthy,0
Tomato_healthy/87a77f4d-38bd-42dc-bdd3-5f2a1fa95ca7___GH_HL Leaf 469.3.JPG,Tomato_healthy,0
Tomato_Early_blight/5d89c2ab-31d9-4f0a-bd00-2c2475b2a037___RS_Erly.B 9377.JPG,Tomato_Early_blight,1
Tomato_healthy/4a1e2b71-992a-4a64-a599-b49b8fa75378___RS_HL 0627.JPG,Tomato_healthy,0
Tomato_Late_blight/58c55232-ea2b-4ca9-9893-5f2f610969db___RS_Late.B 5448.JPG,Tomato_Late_blight,2
Tomato_healthy/e73f62f9-46f5-4827-a891-169cd96e066e___RS_HL 0467.JPG,Tomato_healthy,0
Tomato_Bacterial_spot/499ed0ff-447b-4f2b-9f9d-d733202b4fcf___GCREC_Bact.Sp 3407.JPG,Tomato_Bacterial_spot,4
Tomato_Leaf_Mold/119fca56-2a51-4c1f-9ba3-85977da1fd3b___Crnl_L.Mold 6898.JPG,Tomato_Leaf_Mold,3
Tomato_Bacterial_spot/21f50927-9e52-4d6b-a3bd-8238cb23153a___GCREC_Bact.Sp 3271.JPG,Tomato_Bacterial_spot,4
Tomato_Early_blight/3537d467-9926-49dc-8d11-74a76b196354___RS_Erly.B 7665.JPG,Tomato_Early_blight,1
Tomato_healthy/46ff56ce-bf5d-48b9-89d8-d096a288f62b___RS_HL 9630.JPG,Tomato_healthy,0
Tomato_Bacterial_spot/934f7497-94be-4557-8e25-6bc9b27ba7ba___UF.GRC_BS_Lab Leaf 0392.JPG,Tomato_Bacterial_spot,4
Tomato_Early_blight/3a7c19c6-a86d-4127-b00e-600cb0244ac4___RS_Erly.B 6415.JPG,Tomato_Early_blight,1
Tomato_Leaf_Mold/7281a343-89af-4704-a7f7-2a7c2be56c39___Crnl_L.Mold 6525.JPG,Tomato_Leaf_Mold,3
Tomato_healthy/674f82cb-c61c-4944-b8d6-1afb6212f96f___RS_HL 9646.JPG,Tomato_healthy,0
Tomato_Bacterial_spot/28357fdb-17f9-49e4-a10f-a5dae53aa48f___GCREC_Bact.Sp 3294.JPG,Tomato_Bacterial_spot,4
Tomato_Leaf_Mold/b7cd18dd-56e0-4750-b137-8beb5c5852c6___Crnl_L.Mold 6806.JPG,Tomato_Leaf_Mold,3
Tomato_healthy/de40125f-3f01-4c7e-9406-529d033fdb52___RS_HL 0498.JPG,Tomato_healthy,0
Tomato_Leaf_Mold/45c5b434-5849-4d00-99bf-c0d54088c6f6___Crnl_L.Mold 9100.JPG,Tomato_Leaf_Mold,3
Tomato_healthy/43851153-bb56-46c3-b61c-b4e84baf0516___RS_HL 9935.JPG,Tomato_healthy,0
Tomato_Leaf_Mold/d15e91c8-b473-472e-96b6-331a5c62392d___Crnl_L.Mold 8787.JPG,Tomato_Leaf_Mold,3
Tomato_Early_blight/96418ba8-a05f-4dea-9f8c-d4310ee564be___RS_Erly.B 7620.JPG,Tomato_Early_blight,1
Tomato_Late_blight/16c1763a-8e49-436c-865e-be56d8dadf4f___GHLB2 Leaf 9107.JPG,Tomato_Late_blight,2
Tomato_Late_blight/1c8bf271-8455-42f5-8e9f-8a92418116f9___GHLB2 Leaf 9066.JPG,Tomato_Late_blight,2
Tomato_Late_blight/f2c089b3-34a5-4300-848f-a0d6eebcb756___RS_Late.B 5174.JPG,Tomato_Late_blight,2
Tomato_Early_blight/d4e4bce8-d7ca-492b-8dda-69f3e95f4e5a___RS_Erly.B 6418.JPG,Tomato_Early_blight,1
Tomato_healthy/5300bf32-485d-4978-9099-3175fb666da8___GH_HL Leaf 475.JPG,Tomato_healthy,0
Tomato_Leaf_Mold/201ada31-7b91-42c1-a245-4d37df0b2c52___Crnl_L.Mold 8742.JPG,Tomato_Leaf_Mold,3
Tomato_Late_blight/736cd652-e63d-4b01-a3c6-6859bc095fb9___GHLB_PS Leaf 39 Day 16.jpg,Tomato_Late_blight,2
Tomato_Late_blight/5de6da85-f8c4-48c4-b463-3e6bd78884cc___GHLB_PS Leaf 24 Day 16.jpg,Tomato_Late_blight,2
Tomato_healthy/bb8861fc-350e-49da-86aa-1b475a2d5442___GH_HL Leaf 325.JPG,Tomato_healthy,0
Tomato_Leaf_Mold/3a0fc986-02fd-42fd-a1e8-9a1d6e635fb0___Crnl_L.Mold 8969.JPG,Tomato_Leaf_Mold,3
Tomato_Early_blight/7621d943-ed1a-4ffb-8fa4-8c12d50424de___RS_Erly.B 8322.JPG,Tomato_Early_blight,1
Tomato_healthy/4b8f6f0d-ed84-49ae-a92e-6cf049a42207___RS_HL 9652.JPG,Tomato_healthy,0
Tomato_Bacterial_spot/9a9f7f17-5af2-4b88-95f4-6d5e1776dd18___UF.GRC_BS_Lab Leaf 0267.JPG,Tomato_Bacterial_spot,4
Tomato_Leaf_Mold/f7826d86-2eb1-408f-b2c1-a43afe0268b3___Crnl_L.Mold 9056.JPG,Tomato_Leaf_Mold,3
Tomato_Leaf_Mold/9d8d2581-16a2-4151-9434-8ab9df3f632b___Crnl_L.Mold 8737.JPG,Tomato_Leaf_Mold,3
Tomato_Bacterial_spot/0f6384da-7338-4309-b6b2-0d4b1dfe9de3___GCREC_Bact.Sp 6039.JPG,Tomato_Bacterial_spot,4
Tomato_Leaf_Mold/e6b6cab1-56f9-429f-b89f-110c0128d5be___Crnl_L.Mold 7098.JPG,Tomato_Leaf_Mold,3
Tomato_Bacterial_spot/c7b8365c-bb15-4afb-84e2-6b85f0f9cef5___GCREC_Bact.Sp 6245.JPG,Tomato_Bacterial_spot,4
Tomato_Late_blight/9176c69b-991a-4cd0-bfad-9742ad81a8b4___RS_Late.B 4989.JPG,Tomato_Late_blight,2
Tomato_Early_blight/c66ca8bd-a004-4efb-a66c-3be5168aaaca___RS_Erly.B 7826.JPG,Tomato_Early_blight,1
Tomato_Early_blight/87b9735b-4018-4b28-b0b3-422a184a6716___RS_Erly.B 7509.JPG,Tomato_Early_blight,1
Tomato_Late_blight/0e451078-be73-4e6b-b329-a7b0fa1f152b___GHLB2 Leaf 8612.JPG,Tomato_Late_blight,2
Tomato_healthy/8a9afef1-d6fb-4ea5-a386-2236521b2a32___GH_HL Leaf 234.JPG,Tomato_healthy,0
Tomato_healthy/9299f3e8-15ee-4cf2-997a-058bb19900a5___RS_HL 9781.JPG,Tomato_healthy,0
Tomato_Bacterial_spot/1975c2af-b85a-48d6-9b03-c7fcb5e0bcae___UF.GRC_BS_Lab Leaf 0558.JPG,Tomato_Bacterial_spot,4
Tomato_Early_blight/074bc781-f586-46b0-bef5-0237e3bf5043___RS_Erly.B 8375.JPG,Tomato_Early_blight,1
Tomato_Late_blight/9c02c389-6bdc-45d6-96ca-bce46283d2ab___GHLB2 Leaf 8660.JPG,Tomato_Late_blight,2
Tomato_Bacterial_spot/79e4404c-59ae-4ea9-9655-9e942ab9d72c___GCREC_Bact.Sp 6060.JPG,Tomato_Bacterial_spot,4
Tomato_healthy/0971aa89-8f72-4f66-b4ee-dceca73add54___GH_HL Leaf 318.JPG,Tomato_healthy,0
Tomato_healthy/3169aa41-66a8-4f36-ab6e-a5664f5b1839___RS_HL 0471.JPG,Tomato_healthy,0
Tomato_Bacterial_spot/6c7d9f03-9847-4776-b5aa-472bedabfeb8___GCREC_Bact.Sp 6336.JPG,Tomato_Bacterial_spot,4
Tomato_Early_blight/90ede7d6-c45b-4a97-8e77-9e8f66206418___RS_Erly.B 9581.JPG,Tomato_Early_blight,1
Tomato_Early_blight/32065728-b0b0-4840-b2cc-7461b371e57f___RS_Erly.B 6407.JPG,Tomato_Early_blight,1
Tomato_healthy/199f4f32-6e91-4031-b861-bac1abe3452a___RS_HL 9763.JPG,Tomato_healthy,0
Tomato_Bacterial_spot/76bf0511-84d8-4609-94e6-248bea3d1465___GCREC_Bact.Sp 6032.JPG,Tomato_Bacterial_spot,4
Tomato_Early_blight/3754ec0a-13b7-40c5-9839-b7499b6c365b___RS_Erly.B 7449.JPG,Tomato_Early_blight,1
Tomato_Leaf_Mold/8b30edb3-09a7-4419-a06a-9dddb5194a38___Crnl_L.Mold 8847.JPG,Tomato_Leaf_Mold,3
Tomato_Early_blight/f7ab79a6-43d3-4ece-9461-43742519a221___RS_Erly.B 8290.JPG,Tomato_Early_blight,1
Tomato_Early_blight/a20bd77c-4ecf-473c-89aa-329b1719fbe1___RS_Erly.B 7639.JPG,Tomato_Early_blight,1
Tomato_Late_blight/46c6a276-b915-46d0-9a28-5655645c2d8b___RS_Late.B 7115.JPG,Tomato_Late_blight,2
Tomato_Leaf_Mold/3d232a86-283d-45ec-b5cf-99829d78afa8___Crnl_L.Mold 6550.JPG,Tomato_Leaf_Mold,3
Tomato_Leaf_Mold/6e8f1122-d902-408e-a33e-2d5514112e38___Crnl_L.Mold 6944.JPG,Tomato_Leaf_Mold,3
Tomato_Late_blight/44e96c62-48e6-454c-bab5-c34569deb2a5___RS_Late.B 5162.JPG,Tomato_Late_blight,2
Tomato_Late_blight/745086e9-2e07-48e3-809e-7448e14332ef___GHLB2 Leaf 134.2.JPG,Tomato_Late_blight,2
Tomato_Late_blight/5875efb8-29a9-4114-859d-d2a0f6ac9738___GHLB2 Leaf 8888.JPG,Tomato_Late_blight,2
Tomato_Leaf_Mold/7e0b313f-bffb-436c-975f-1566645abfe6___Crnl_L.Mold 7182.JPG,Tomato_Leaf_Mold,3
Tomato_Late_blight/cac3a565-799f-4b66-a575-5ad6ff356d37___GHLB_PS Leaf 2.3 Day 8.jpg,Tomato_Late_blight,2
Tomato_Late_blight/19bfccfd-5df8-41be-910e-2c5f3eae3573___GHLB2 Leaf 8597.JPG,Tomato_Late_blight,2
Tomato_Leaf_Mold/55cc7d97-c88a-4053-8691-288e94bf96b0___Crnl_L.Mold 9182.JPG,Tomato_Leaf_Mold,3
Tomato_Bacterial_spot/75801778-ca08-4e6c-a209-a5eb74564929___GCREC_Bact.Sp 6390.JPG,Tomato_Bacterial_spot,4
Tomato_Early_blight/957be08a-9b4f-4c28-9908-622fdb996f1c___RS_Erly.B 7591.JPG,Tomato_Early_blight,1
Tomato_Leaf_Mold/2f49ea7d-edf2-48bd-9598-449d8c83d0a0___Crnl_L.Mold 9154.JPG,Tomato_Leaf_Mold,3
Tomato_Bacterial_spot/1abfbe87-b6e5-4da0-85e9-13980c67fd03___GCREC_Bact.Sp 3295.JPG,Tomato_Bacterial_spot,4
Tomato_Leaf_Mold/cb1f6b09-d542-4b9d-8b06-9e0f2a8965c8___Crnl_L.Mold 7079.JPG,Tomato_Leaf_Mold,3
Tomato_Late_blight/e3c4a4e5-4ec3-404f-8dbd-7de9dd3f184a___RS_Late.B 5073.JPG,Tomato_Late_blight,2
Tomato_Leaf_Mold/f8e698ff-5f4d-4735-ae53-1daf38c49d46___Crnl_L.Mold 6536.JPG,Tomato_Leaf_Mold,3
Tomato_Early_blight/535c3c4f-c082-4dd7-a98b-2e16cb377d89___RS_Erly.B 7770.JPG,Tomato_Early_blight,1
Tomato_Bacterial_spot/5849b4f9-da0f-46fc-9671-fafef05c921b___UF.GRC_BS_Lab Leaf 9276.JPG,Tomato_Bacterial_spot,4
Tomato_healthy/92d84132-33f5-4d01-9b3d-797a5dcaeccd___RS_HL 0315.JPG,Tomato_healthy,0
Tomato_Late_blight/c56dfea3-420f-46cf-b974-cec54b2c6992___GHLB_PS Leaf 2 Day 18.jpg,Tomato_Late_blight,2
Tomato_Bacterial_spot/409570ee-0708-46a7-a65b-592a682cf3cc___GCREC_Bact.Sp 2986.JPG,Tomato_Bacterial_spot,4
Tomato_healthy/ce081d63-8710-460f-9f20-cc67ef62fa37___RS_HL 9685.JPG,Tomato_healthy,0
Tomato_Early_blight/bcae6e76-f374-446e-b5c3-a7d18f1444f6___RS_Erly.B 7643.JPG,Tomato_Early_blight,1
Tomato_healthy/b840b04b-5909-4e35-beb8-7f53098975b1___RS_HL 0324.JPG,Tomato_healthy,0
Tomato_Early_blight/30c5bc48-7b5e-4bc0-9f0c-096042dacde2___RS_Erly.B 6333.JPG,Tomato_Early_blight,1
Tomato_Early_blight/c78483c5-424f-4a5f-aab3-5b909b62a7e6___RS_Erly.B 7541.JPG,Tomato_Early_blight,1
Tomato_healthy/593c58eb-71d4-4626-89d4-de6f59964aa8___RS_HL 0106.JPG,Tomato_healthy,0
Tomato_Leaf_Mold/9c42ac1e-d48f-4644-bf35-a9b0478330e2___Crnl_L.Mold 6709.JPG,Tomato_Leaf_Mold,3
Tomato_Leaf_Mold/bf97c963-b3cd-480a-be10-b8b2c539973f___Crnl_L.Mold 6982.JPG,Tomato_Leaf_Mold,3
Tomato_Leaf_Mold/fb0dbb23-b3fb-406f-bb7a-c5e0d45207d3___Crnl_L.Mold 8948.JPG,Tomato_Leaf_Mold,3
Tomato_healthy/c17bbdf8-c589-44bc-a805-6dec51568733___GH_HL Leaf 402.JPG,Tomato_healthy,0
Tomato_Late_blight/64a054b2-4375-48ff-aca3-f823d64d831e___RS_Late.B 7123.JPG,Tomato_Late_blight,2
Tomato_Late_blight/c933f19c-7b00-4dca-b2c4-94d3b9212f92___GHLB2 Leaf 8985.JPG,Tomato_Late_blight,2
Tomato_Early_blight/9cb2abac-0c5b-4b49-ad84-d97805de271c___RS_Erly.B 7457.JPG,Tomato_Early_blight,1
Tomato_Early_blight/4a063384-a4c0-4acc-a787-8236eb40a54e___RS_Erly.B 8281.JPG,Tomato_Early_blight,1
Tomato_Early_blight/4d8cce21-a64f-4953-8c56-218f1611ed29___RS_Erly.B 7372.JPG,Tomato_Early_blight,1
Tomato_Leaf_Mold/f3ef6606-c66b-4fa0-a542-f09b78b6c3e0___Crnl_L.Mold 9120.JPG,Tomato_Leaf_Mold,3
Tomato_healthy/84d5645b-619e-4882-a1d5-3a3abec47da3___RS_HL 0568.JPG,Tomato_healthy,0
Tomato_Early_blight/669eda4d-aa2e-4d84-9146-c96b047eb70e___RS_Erly.B 6369.JPG,Tomato_Early_blight,1
Tomato_Bacterial_spot/251b4763-59dd-49a8-99a6-6cf50b239454___GCREC_Bact.Sp 3589.JPG,Tomato_Bacterial_spot,4
Tomato_Leaf_Mold/e7391b48-0b36-41fd-81f0-35c6b5a24d0a___Crnl_L.Mold 6761.JPG,Tomato_Leaf_Mold,3
Tomato_Late_blight/94c26dee-30cd-4033-9009-4851daa1e00b___RS_Late.B 5068.JPG,Tomato_Late_blight,2
Tomato_Bacterial_spot/d5bccd2c-7e11-4d61-98fb-581ca85e5f58___UF.GRC_BS_Lab Leaf 0391.JPG,Tomato_Bacterial_spot,4
Tomato_Late_blight/9125266c-1269-43ff-b813-2052f3d16a9d___GHLB2 Leaf 8536.JPG,Tomato_Late_blight,2
Tomato_Early_blight/a5c26ace-e91d-4afc-a958-eee6bbe7aed2___RS_Erly.B 6361.JPG,Tomato_Early_blight,1
Tomato_healthy/3eaf72d6-be20-4929-b6dc-58f6c9edf2bd___RS_HL 0031.JPG,Tomato_healthy,0
Tomato_healthy/d4091850-464c-4655-9edc-395f43c365e9___RS_HL 9657.JPG,Tomato_healthy,0
Tomato_Leaf_Mold/2715ba21-6d2a-485a-bd10-ea6e8177250d___Crnl_L.Mold 6863.JPG,Tomato_Leaf_Mold,3
Tomato_Early_blight/eaaea397-5e49-47e8-adad-f9a17e1cce65___RS_Erly.B 6487.JPG,Tomato_Early_blight,1
Tomato_Leaf_Mold/c05c1b58-b391-41d4-bdd4-72f82b59a508___Crnl_L.Mold 8926.JPG,Tomato_Leaf_Mold,3
Tomato_Bacterial_spot/d3969371-05ad-4097-8390-5d4124d19a9e___GCREC_Bact.Sp 3224.JPG,Tomato_Bacterial_spot,4
Tomato_Leaf_Mold/38bd9a88-970a-4480-8bc7-12824ac87ff5___Crnl_L.Mold 7085.JPG,Tomato_Leaf_Mold,3
Tomato_Bacterial_spot/aabc0838-428f-46d6-b869-fabfc687cb16___GCREC_Bact.Sp 5630.JPG,Tomato_Bacterial_spot,4
Tomato_Late_blight/7e322351-379f-4b07-8001-01baf6bf589c___RS_Late.B 7038.JPG,Tomato_Late_blight,2
Tomato_Late_blight/31514f29-0b4c-4d5a-bd8b-cb0e1264bf48___RS_Late.B 6087.JPG,Tomato_Late_blight,2
Tomato_Bacterial_spot/6c1529dd-54cb-4e3d-924b-f7f05b6f9a4b___GCREC_Bact.Sp 3269.JPG,Tomato_Bacterial_spot,4
Tomato_Late_blight/a9d292cb-2aaf-44cd-a1ef-bec9b05308b9___RS_Late.B 7005.JPG,Tomato_Late_blight,2
Tomato_Leaf_Mold/e379328a-4265-470a-978d-5020f59f4c1f___Crnl_L.Mold 6833.JPG,Tomato_Leaf_Mold,3
Tomato_healthy/ea815fb4-7c6f-4088-94d0-59609294c65e___RS_HL 9785.JPG,Tomato_healthy,0
Tomato_Early_blight/0e39c18a-9e04-4f6b-b557-dc0e944d22e5___RS_Erly.B 9501.JPG,Tomato_Early_blight,1
Tomato_Leaf_Mold/1c03ffcb-9476-453c-96be-5bd1f629b2d1___Crnl_L.Mold 8853.JPG,Tomato_Leaf_Mold,3
Tomato_Leaf_Mold/34771f89-a1bc-49e9-8d94-1eb402312b8d___Crnl_L.Mold 9142.JPG,Tomato_Leaf_Mold,3
Tomato_healthy/4ed0a372-fe3d-49a6-82a1-2e904e6c66e3___GH_HL Leaf 200.JPG,Tomato_healthy,0
Tomato_Bacterial_spot/74c63cbe-13e9-4256-aa02-b146cdd16c6b___GCREC_Bact.Sp 3127.JPG,Tomato_Bacterial_spot,4
Tomato_Early_blight/18815a60-8297-46e0-922f-e6a0fea818ef___RS_Erly.B 7808.JPG,Tomato_Early_blight,1
Tomato_healthy/c7cedd2f-dfae-4232-9cab-d75197d48948___GH_HL Leaf 226.6.JPG,Tomato_healthy,0
Tomato_Late_blight/27dd7c54-809f-445e-97a5-ba0792d4592b___RS_Late.B 6371.JPG,Tomato_Late_blight,2
Tomato_Bacterial_spot/2f9b712f-708a-4e10-b63e-5c1c2208081d___GCREC_Bact.Sp 2966.JPG,Tomato_Bacterial_spot,4
Tomato_Bacterial_spot/c9c0a326-c094-4cea-94cb-bc240bb3be23___GCREC_Bact.Sp 3652.JPG,Tomato_Bacterial_spot,4
Tomato_healthy/579cec1c-8304-4b8c-84bb-be54a7e8c93f___GH_HL Leaf 367.JPG,Tomato_healthy,0
Tomato_Early_blight/29645def-a571-4442-8f95-d7ebf71befde___RS_Erly.B 7751.JPG,Tomato_Early_blight,1
Tomato_Bacterial_spot/58b4de6b-90af-4c5b-a95b-3fdd953c9255___GCREC_Bact.Sp 5830.JPG,Tomato_Bacterial_spot,4
Tomato_Early_blight/3c5b8470-8596-44bf-baa3-164a03e1c818___RS_Erly.B 9611.JPG,Tomato_Early_blight,1
Tomato_healthy/b4f405ee-4471-4af5-b0c1-a4bc2aed730e___GH_HL Leaf 358.1.JPG,Tomato_healthy,0
Tomato_healthy/7beda862-3964-4839-9d08-b9b3fa27b028___RS_HL 9952.JPG,Tomato_healthy,0
Tomato_Bacterial_spot/5a198510-9f1e-4699-b747-d0b1c0892756___UF.GRC_BS_Lab Leaf 0768.JPG,Tomato_Bacterial_spot,4
Tomato_Bacterial_spot/cef66036-f0d8-4ab8-898f-8269c2051331___UF.GRC_BS_Lab Leaf 9071.JPG,Tomato_Bacterial_spot,4
Tomato_Early_blight/b45de15f-76b6-46bf-9990-e819dbef21d1___RS_Erly.B 9491.JPG,Tomato_Early_blight,1
Tomato_healthy/e25bc3a8-dd00-4c02-9f4e-81e6cf682729___RS_HL 0101.JPG,Tomato_healthy,0
Tomato_Early_blight/862c7fa2-1ab0-4bce-9f9b-76cbb4a096e1___RS_Erly.B 7521.JPG,Tomato_Early_blight,1
Tomato_Bacterial_spot/8a4441e3-8f4f-4f3c-9746-3014cf12337e___GCREC_Bact.Sp 5565.JPG,Tomato_Bacterial_spot,4
Tomato_Leaf_Mold/67b422e6-78d5-4943-8926-4a2ac8bbde52___Crnl_L.Mold 8843.JPG,Tomato_Leaf_Mold,3
Tomato_Late_blight/4ab57bec-a118-4686-a9dd-f6ee3cdd0c55___GHLB2 Leaf 8695.JPG,Tomato_Late_blight,2
Tomato_Late_blight/d029a830-f39c-4668-b413-45b69e2b3640___RS_Late.B 4841.JPG,Tomato_Late_blight,2
Tomato_Early_blight/22b653c4-9e15-4081-8ece-9b5950a94120___RS_Erly.B 7814.JPG,Tomato_Early_blight,1
Tomato_Leaf_Mold/f80ea01a-c910-4f53-b415-9b327dc51402___Crnl_L.Mold 6804.JPG,Tomato_Leaf_Mold,3
Tomato_Early_blight/860f1131-a11c-4e17-aaec-c7b96ba914f0___RS_Erly.B 6669.JPG,Tomato_Early_blight,1
Tomato_healthy/648594b0-d275-4e4c-8872-5136e01658c2___GH_HL Leaf 183.JPG,Tomato_healthy,0
Tomato_Leaf_Mold/c0a8c47b-c9dc-4b8e-b291-3a87965075df___Crnl_L.Mold 6754.JPG,Tomato_Leaf_Mold,3
Tomato_Bacterial_spot/5e258cf7-39d9-4f9e-9727-61401a3cb841___GCREC_Bact.Sp 5612.JPG,Tomato_Bacterial_spot,4
Tomato_Leaf_Mold/00694db7-3327-45e0-b4da-a8bb7ab6a4b7___Crnl_L.Mold 6923.JPG,Tomato_Leaf_Mold,3
Tomato_Leaf_Mold/81de0497-5011-4330-b2f1-b12c7b83576f___Crnl_L.Mold 7120.JPG,Tomato_Leaf_Mold,3
Tomato_Early_blight/3ecc0dc0-87b2-4f7f-894a-8b9d17d7f25d___RS_Erly.B 7413.JPG,Tomato_Early_blight,1
Tomato_Leaf_Mold/4babadaf-7d3f-4cc8-8179-05d86893dd97___Crnl_L.Mold 9096.JPG,Tomato_Leaf_Mold,3
Tomato_Late_blight/6578c88a-fd14-450b-8e75-c94571decf83___GHLB2 Leaf 8849.JPG,Tomato_Late_blight,2
Tomato_Early_blight/16dcb9cd-05ab-46d3-b76e-d19c16077a6a___RS_Erly.B 8345.JPG,Tomato_Early_blight,1
Tomato_Late_blight/ff3ddd95-9c84-42fb-aef3-eceb2d5b1110___RS_Late.B 4831.JPG,Tomato_Late_blight,2
Tomato_healthy/1af0bfe1-4bcf-4b8b-be66-5d0953eb647e___GH_HL Leaf 482.2.JPG,Tomato_healthy,0
Tomato_Late_blight/baaa63dc-483f-44a6-ae09-855923e1607e___GHLB_PS Leaf 23.2 Day 9.jpg,Tomato_Late_blight,2
Tomato_Early_blight/b7294a44-e1fd-4eab-97ac-ed6669c58d8f___RS_Erly.B 7514.JPG,Tomato_Early_blight,1
Tomato_Bacterial_spot/d55c36fd-0ecb-49d9-a2c0-a5039f83b393___GCREC_Bact.Sp 3410.JPG,Tomato_Bacterial_spot,4
Tomato_Early_blight/64ef53fa-26cc-4734-8a94-6f83a108817f___RS_Erly.B 6348.JPG,Tomato_Early_blight,1
Tomato_Late_blight/03a15d38-e1b5-4586-b763-2bad2d268290___RS_Late.B 5207.JPG,Tomato_Late_blight,2
Tomato_Leaf_Mold/02a29ab9-8cba-47a0-bc2f-e7af7dbae149___Crnl_L.Mold 7165.JPG,Tomato_Leaf_Mold,3
Tomato_Leaf_Mold/b8ad1d10-7809-4969-8bc0-2e44a3dc3157___Crnl_L.Mold 6664.JPG,Tomato_Leaf_Mold,3
Tomato_Bacterial_spot/9a3a8b0b-0587-402d-814d-c0201c4f9b5a___UF.GRC_BS_Lab Leaf 0687.JPG,Tomato_Bacterial_spot,4
Tomato_healthy/aa464ad5-f7d0-44ee-9042-fb4a4a64b7cd___RS_HL 9936.JPG,Tomato_healthy,0
Tomato_Early_blight/fe167aa5-089e-4295-ad85-071819b7b692___RS_Erly.B 9403.JPG,Tomato_Early_blight,1
Tomato_Late_blight/0566e4e3-675b-4289-9e36-ad199448975b___GHLB2 Leaf 161.2.JPG,Tomato_Late_blight,2
Tomato_healthy/d21a242e-a9a3-4c5e-8e65-6416f84bcaec___GH_HL Leaf 510.2.JPG,Tomato_healthy,0
Tomato_Early_blight/9f98d981-b130-4238-aa34-21b0edfc1eaf___RS_Erly.B 7806.JPG,Tomato_Early_blight,1
Tomato_Leaf_Mold/db35e8bc-5879-436e-82a1-e1e0e0f9b19c___Crnl_L.Mold 7044.JPG,Tomato_Leaf_Mold,3
Tomato_Bacterial_spot/162156e8-724a-48d9-8a19-904937f9dc03___GCREC_Bact.Sp 3472.JPG,Tomato_Bacterial_spot,4
Tomato_Leaf_Mold/f3113f81-fff3-4b7d-b171-7315216c4d10___Crnl_L.Mold 8683.JPG,Tomato_Leaf_Mold,3
Tomato_Bacterial_spot/841ea726-5c4a-4447-9f56-0eda38f002d2___GCREC_Bact.Sp 3388.JPG,Tomato_Bacterial_spot,4
Tomato_Early_blight/f88be630-f853-48f8-b546-a2f7966368a2___RS_Erly.B 7418.JPG,Tomato_Early_blight,1
Tomato_Late_blight/33b5c25b-ab14-4b22-a7f0-764b2070b2d7___GHLB2 Leaf 8670.JPG,Tomato_Late_blight,2
Tomato_Late_blight/dbd66146-54e6-4621-870d-24208b99e254___RS_Late.B 7051.JPG,Tomato_Late_blight,2
Tomato_Bacterial_spot/eb2eebd9-62f0-441c-908f-1ff90f36bb66___GCREC_Bact.Sp 5752.JPG,Tomato_Bacterial_spot,4
Tomato_Late_blight/13533985-e30d-4023-8bd3-7a45b07816ca___RS_Late.B 5593.JPG,Tomato_Late_blight,2
Tomato_Late_blight/41474732-acc4-4262-931e-9b719abfb8c3___RS_Late.B 7048.JPG,Tomato_Late_blight,2
Tomato_healthy/3d1ab8b2-d61c-4ab1-9222-52bf63eb0315___RS_HL 0548.JPG,Tomato_healthy,0
Tomato_Early_blight/1c9e0f1a-7314-449c-9482-9059684ac82d___RS_Erly.B 7840.JPG,Tomato_Early_blight,1
Tomato_Bacterial_spot/c2c50222-cc7c-4fb5-968a-d83f6ad8853e___GCREC_Bact.Sp 3630.JPG,Tomato_Bacterial_spot,4
Tomato_Early_blight/aeb5a5ed-0672-49e9-a805-74b9390d4972___RS_Erly.B 9529.JPG,Tomato_Early_blight,1
Tomato_Late_blight/8826e278-b47e-4d1a-b7af-3dc1b77ef445___GHLB2 Leaf 8924.JPG,Tomato_Late_blight,2
Tomato_Leaf_Mold/e5a3c9fd-64a6-426f-a0a0-2fd28a7852d0___Crnl_L.Mold 6575.JPG,Tomato_Leaf_Mold,3
Tomato_Late_blight/005e3b43-9050-47da-9498-f9ecdcc703b3___RS_Late.B 5104.JPG,Tomato_Late_blight,2
Tomato_Leaf_Mold/526f929e-e9c1-4ca5-a493-c0bcf4898b04___Crnl_L.Mold 9129.JPG,Tomato_Leaf_Mold,3
Tomato_Early_blight/7fe26a53-b4d8-4069-bb0a-1c6d19cbc4e1___RS_Erly.B 7810.JPG,Tomato_Early_blight,1
Tomato_Bacterial_spot/46d649c2-01cc-4716-8907-10ca3036c255___UF.GRC_BS_Lab Leaf 8868.JPG,Tomato_Bacterial_spot,4
Tomato_Early_blight/d71f9e9f-e7e3-44e3-8376-0820971fe2c1___RS_Erly.B 9384.JPG,Tomato_Early_blight,1
Tomato_Late_blight/a5ef7726-d20f-4109-985f-7fc8989e4aa5___GHLB_PS Leaf 2.2 Day 8.jpg,Tomato_Late_blight,2
Tomato_healthy/ad8359a4-48b9-4469-a012-ed9b220de38e___GH_HL Leaf 285.1.JPG,Tomato_healthy,0
Tomato_Bacterial_spot/24300988-d6e0-4e1d-b89b-d5098c074c69___UF.GRC_BS_Lab Leaf 8837.JPG,Tomato_Bacterial_spot,4
Tomato_Early_blight/1e671658-3463-4a38-8b6a-e2867aeeda10___RS_Erly.B 6359.JPG,Tomato_Early_blight,1
Tomato_healthy/3e51f746-2ed2-4eb4-96e7-f6717ec068fd___RS_HL 0122.JPG,Tomato_healthy,0
Tomato_Leaf_Mold/cf7130f7-50b1-4dce-81ed-841302e5f71d___Crnl_L.Mold 7072.JPG,Tomato_Leaf_Mold,3
Tomato_Early_blight/164f6427-eeed-42da-bb51-ec07a57840dc___RS_Erly.B 9372.JPG,Tomato_Early_blight,1
Tomato_Bacterial_spot/dbee8b94-3efc-4e09-9710-a95517728d28___GCREC_Bact.Sp 3737.JPG,Tomato_Bacterial_spot,4
Tomato_Late_blight/3a051073-6326-43f1-bd93-a3c69661a87f___GHLB2 Leaf 8655.JPG,Tomato_Late_blight,2
Tomato_Leaf_Mold/28d202ba-1fd8-4200-9727-ad3d977d58f9___Crnl_L.Mold 6758.JPG,Tomato_Leaf_Mold,3
Tomato_Late_blight/207dbe65-2d3b-4820-ab49-2a1db65f9bec___RS_Late.B 5485.JPG,Tomato_Late_blight,2
Tomato_Leaf_Mold/d31448f3-312d-4f30-bb39-c1045b1df616___Crnl_L.Mold 6807.JPG,Tomato_Leaf_Mold,3
Tomato_Early_blight/62ce29f9-81ea-4616-8562-22a5830b3286___RS_Erly.B 7436.JPG,Tomato_Early_blight,1
Tomato_Late_blight/8553094b-3e19-4e4c-8ba1-49e98ff135e9___RS_Late.B 4869.JPG,Tomato_Late_blight,2
Tomato_Late_blight/7efeb8b7-9416-4b2b-bf24-acaf62918008___GHLB2 Leaf 124.1.JPG,Tomato_Late_blight,2
Tomato_Leaf_Mold/61cade04-60b3-44bf-88f3-88583c90f49e___Crnl_L.Mold 9148.JPG,Tomato_Leaf_Mold,3
Tomato_Bacterial_spot/dff2f22f-6d7a-4331-bd7a-902e13212348___GCREC_Bact.Sp 5924.JPG,Tomato_Bacterial_spot,4
Tomato_Leaf_Mold/1a1acd8f-bd8d-47be-945d-ce308dffd678___Crnl_L.Mold 6675.JPG,Tomato_Leaf_Mold,3
Tomato_Late_blight/e09b337d-7ad9-42c8-9ca4-8c782ff942b1___RS_Late.B 5575.JPG,Tomato_Late_blight,2
Tomato_Early_blight/c163bdbd-0c60-44da-be29-a1d0cad71b72___RS_Erly.B 8343.JPG,Tomato_Early_blight,1
Tomato_healthy/5785f4a6-39d9-40d9-bf57-2d41ed94518b___GH_HL Leaf 309.JPG,Tomato_healthy,0
